date,split,model,mean_wis,state_count,row_count
2026-02-02,test,catboost,0.29718163796413605,25,25
2026-02-09,test,catboost,0.26730771212324983,24,24
2026-02-16,test,catboost,0.44732058354681425,25,25
2026-02-23,test,catboost,0.2806847522866906,23,23
2026-03-02,test,catboost,0.31568093713493345,25,25
2026-03-09,test,catboost,0.4491989002831544,24,24
2026-03-16,test,catboost,0.35226044546620044,22,22
2026-03-23,test,catboost,0.3666271046860735,23,23
2026-03-30,test,catboost,0.3267533448414512,22,22
2026-04-06,test,catboost,0.22435231750267642,23,23
2026-04-13,test,catboost,0.47582751680300733,23,23
2026-04-20,test,catboost,0.351658768128129,25,25
2026-04-27,test,catboost,0.2288303332466347,24,24
2026-05-04,test,catboost,0.4604118054325745,24,24
2026-05-11,test,catboost,0.36917140309941815,25,25
2026-02-02,test,ensemble_all_5,0.2452077113206154,25,25
2026-02-09,test,ensemble_all_5,0.23707674528587933,24,24
2026-02-16,test,ensemble_all_5,0.4166618435908511,25,25
2026-02-23,test,ensemble_all_5,0.28099650200067405,23,23
2026-03-02,test,ensemble_all_5,0.27776610623085907,25,25
2026-03-09,test,ensemble_all_5,0.37028158644840475,24,24
2026-03-16,test,ensemble_all_5,0.30846402519557586,22,22
2026-03-23,test,ensemble_all_5,0.26793645669439853,23,23
2026-03-30,test,ensemble_all_5,0.2764873436251862,22,22
2026-04-06,test,ensemble_all_5,0.20282993277728326,23,23
2026-04-13,test,ensemble_all_5,0.3139085331584055,23,23
2026-04-20,test,ensemble_all_5,0.30514207435008,25,25
2026-04-27,test,ensemble_all_5,0.23965981513051807,24,24
2026-05-04,test,ensemble_all_5,0.3760847773189399,24,24
2026-05-11,test,ensemble_all_5,0.31125338136284486,25,25
2026-02-02,test,ensemble_dl,0.21150404616958954,25,25
2026-02-09,test,ensemble_dl,0.23497281840690473,24,24
2026-02-16,test,ensemble_dl,0.47453020365337006,25,25
2026-02-23,test,ensemble_dl,0.28208558663140165,23,23
2026-03-02,test,ensemble_dl,0.2817361708191031,25,25
2026-03-09,test,ensemble_dl,0.3614162623445969,24,24
2026-03-16,test,ensemble_dl,0.2968680281936527,22,22
2026-03-23,test,ensemble_dl,0.2618990140856779,23,23
2026-03-30,test,ensemble_dl,0.3282809040839838,22,22
2026-04-06,test,ensemble_dl,0.21732255013914745,23,23
2026-04-13,test,ensemble_dl,0.3083801123141431,23,23
2026-04-20,test,ensemble_dl,0.33420534670882596,25,25
2026-04-27,test,ensemble_dl,0.27292112239335803,24,24
2026-05-04,test,ensemble_dl,0.39930937214432266,24,24
2026-05-11,test,ensemble_dl,0.32870806458971846,25,25
2026-02-02,test,ensemble_tree,0.27571223056498406,25,25
2026-02-09,test,ensemble_tree,0.26507347567412054,24,24
2026-02-16,test,ensemble_tree,0.3917885579570723,25,25
2026-02-23,test,ensemble_tree,0.3031311773278019,23,23
2026-03-02,test,ensemble_tree,0.31881130014585274,25,25
2026-03-09,test,ensemble_tree,0.38162922094884194,24,24
2026-03-16,test,ensemble_tree,0.32593249522287143,22,22
2026-03-23,test,ensemble_tree,0.2826332566155503,23,23
2026-03-30,test,ensemble_tree,0.2594597142297483,22,22
2026-04-06,test,ensemble_tree,0.21603786931084115,23,23
2026-04-13,test,ensemble_tree,0.34957343393942336,23,23
2026-04-20,test,ensemble_tree,0.3014662474690061,25,25
2026-04-27,test,ensemble_tree,0.22609678747035467,24,24
2026-05-04,test,ensemble_tree,0.3824690225661711,24,24
2026-05-11,test,ensemble_tree,0.309726423032974,25,25
2026-02-02,test,gru,0.21613970458507534,25,25
2026-02-09,test,gru,0.2328039514056096,24,24
2026-02-16,test,gru,0.4957390943169594,25,25
2026-02-23,test,gru,0.30697499948513246,23,23
2026-03-02,test,gru,0.30323533073067666,25,25
2026-03-09,test,gru,0.3804825314631064,24,24
2026-03-16,test,gru,0.3172782196409323,22,22
2026-03-23,test,gru,0.2824038105976322,23,23
2026-03-30,test,gru,0.35913228497586464,22,22
2026-04-06,test,gru,0.22593471043459742,23,23
2026-04-13,test,gru,0.3183966609446898,23,23
2026-04-20,test,gru,0.3266308403015137,25,25
2026-04-27,test,gru,0.28347945089141524,24,24
2026-05-04,test,gru,0.417318954054887,24,24
2026-05-11,test,gru,0.3201783123612404,25,25
2026-02-02,test,lgbm,0.3798001549258979,25,25
2026-02-09,test,lgbm,0.28863877581742153,24,24
2026-02-16,test,lgbm,0.43496435879883094,25,25
2026-02-23,test,lgbm,0.315303379439356,23,23
2026-03-02,test,lgbm,0.40346396921869404,25,25
2026-03-09,test,lgbm,0.49263954941541627,24,24
2026-03-16,test,lgbm,0.33301199752482263,22,22
2026-03-23,test,lgbm,0.26676644544006295,23,23
2026-03-30,test,lgbm,0.31290635484320556,22,22
2026-04-06,test,lgbm,0.21617349622660142,23,23
2026-04-13,test,lgbm,0.38467223738684214,23,23
2026-04-20,test,lgbm,0.28900916486876993,25,25
2026-04-27,test,lgbm,0.21678415253149785,24,24
2026-05-04,test,lgbm,0.3900606735074292,24,24
2026-05-11,test,lgbm,0.29960619254286347,25,25
2026-02-02,test,lstm,0.22297767013311381,25,25
2026-02-09,test,lstm,0.2479716933642824,24,24
2026-02-16,test,lstm,0.4764429478347301,25,25
2026-02-23,test,lstm,0.26879770778443496,23,23
2026-03-02,test,lstm,0.2763347917050123,25,25
2026-03-09,test,lstm,0.3706947932951152,24,24
2026-03-16,test,lstm,0.3096355853856287,22,22
2026-03-23,test,lstm,0.28027365972166474,23,23
2026-03-30,test,lstm,0.3310653658753091,22,22
2026-04-06,test,lstm,0.22301989518429918,23,23
2026-04-13,test,lstm,0.3184273820370435,23,23
2026-04-20,test,lstm,0.3642056641727686,25,25
2026-04-27,test,lstm,0.2845567870729913,24,24
2026-05-04,test,lstm,0.3888359897925207,24,24
2026-05-11,test,lstm,0.34469702988862994,25,25
2026-02-02,test,xgboost,0.3347707720978185,25,25
2026-02-09,test,xgboost,0.306811058200736,24,24
2026-02-16,test,xgboost,0.4105730386385462,25,25
2026-02-23,test,xgboost,0.35880241885199454,23,23
2026-03-02,test,xgboost,0.3559590106915957,25,25
2026-03-09,test,xgboost,0.37716025731875713,24,24
2026-03-16,test,xgboost,0.41718951421732986,22,22
2026-03-23,test,xgboost,0.32522344752994514,23,23
2026-03-30,test,xgboost,0.35578538356244455,22,22
2026-04-06,test,xgboost,0.3148169445856804,23,23
2026-04-13,test,xgboost,0.36430219012869236,23,23
2026-04-20,test,xgboost,0.35373824123651937,25,25
2026-04-27,test,xgboost,0.3088652605752983,24,24
2026-05-04,test,xgboost,0.39475068323722234,24,24
2026-05-11,test,xgboost,0.3202648602033981,25,25
2022-01-03,train,catboost,0.7443821115739812,19,19
2022-01-10,train,catboost,0.3693526834904757,19,19
2022-01-17,train,catboost,0.28269396114194756,16,16
2022-01-24,train,catboost,0.33550127055536255,15,15
2022-01-31,train,catboost,0.26679027306753494,19,19
2022-02-07,train,catboost,0.2620493319293982,20,20
2022-02-14,train,catboost,0.26988758659261514,20,20
2022-02-21,train,catboost,0.3220531184668701,22,22
2022-02-28,train,catboost,0.3546796413294735,24,24
2022-03-07,train,catboost,0.2325912830444287,21,21
2022-03-14,train,catboost,0.21242856890848197,23,23
2022-03-21,train,catboost,0.21964180325321234,22,22
2022-03-28,train,catboost,0.23418468986823643,23,23
2022-04-04,train,catboost,0.20728436266396616,23,23
2022-04-11,train,catboost,0.28062695379816693,23,23
2022-04-18,train,catboost,0.19512475555269504,23,23
2022-04-25,train,catboost,0.2180537853383306,22,22
2022-05-02,train,catboost,0.18700512807685685,23,23
2022-05-09,train,catboost,0.19554574310269243,20,20
2022-05-16,train,catboost,0.20538238161661967,21,21
2022-05-23,train,catboost,0.2737852703301055,21,21
2022-05-30,train,catboost,0.2484644496433875,20,20
2022-06-06,train,catboost,0.32288781229630364,23,23
2022-06-13,train,catboost,0.2586381103879519,23,23
2022-06-20,train,catboost,0.20691135891321163,25,25
2022-06-27,train,catboost,0.1808541435564901,24,24
2022-07-04,train,catboost,0.29382544223147533,21,21
2022-07-11,train,catboost,0.25905078002861565,25,25
2022-07-18,train,catboost,0.2533064843620856,22,22
2022-07-25,train,catboost,0.20324818581289059,25,25
2022-08-01,train,catboost,0.9320633164023009,25,25
2022-08-08,train,catboost,0.2517327277789397,25,25
2022-08-15,train,catboost,0.32023673662960195,25,25
2022-08-22,train,catboost,0.19493765212182151,25,25
2022-08-29,train,catboost,0.2509280603672274,25,25
2022-09-05,train,catboost,0.24024543734731751,24,24
2022-09-12,train,catboost,0.21330243966250625,24,24
2022-09-19,train,catboost,0.35513571463081445,24,24
2022-09-26,train,catboost,0.19764365543519147,25,25
2022-10-03,train,catboost,0.25340376229520223,25,25
2022-10-10,train,catboost,0.23330284948840782,25,25
2022-10-17,train,catboost,0.23178499773887892,25,25
2022-10-24,train,catboost,0.19214932722342637,24,24
2022-10-31,train,catboost,0.2422316070929414,25,25
2022-11-07,train,catboost,0.2931377120713146,25,25
2022-11-14,train,catboost,0.37131769880440835,25,25
2022-11-21,train,catboost,0.41583147787371716,25,25
2022-11-28,train,catboost,0.23186816661361628,25,25
2022-12-05,train,catboost,0.17828075875819707,25,25
2022-12-12,train,catboost,0.23792671992456318,23,23
2022-12-19,train,catboost,0.2611949185383763,22,22
2022-12-26,train,catboost,0.31305362867844005,17,17
2023-01-02,train,catboost,0.3271855334549403,23,23
2023-01-09,train,catboost,0.28244644272290903,24,24
2023-01-16,train,catboost,0.21240347825565842,24,24
2023-01-23,train,catboost,0.25291376043507346,25,25
2023-01-30,train,catboost,0.19499272041011748,24,24
2023-02-06,train,catboost,0.17249354814153664,24,24
2023-02-13,train,catboost,0.17010283220467026,24,24
2023-02-20,train,catboost,0.24253636424094346,25,25
2023-02-27,train,catboost,0.309352799388217,25,25
2023-03-06,train,catboost,0.2950102199904466,25,25
2023-03-13,train,catboost,0.302160204499814,25,25
2023-03-20,train,catboost,0.1649130865347708,24,24
2023-03-27,train,catboost,0.23671327064825542,25,25
2023-04-03,train,catboost,0.22313658547477128,25,25
2023-04-10,train,catboost,0.2581760948863868,25,25
2023-04-17,train,catboost,0.22255857883249391,25,25
2023-04-24,train,catboost,0.1581297846334764,25,25
2023-05-01,train,catboost,0.16930945743497397,24,24
2023-05-08,train,catboost,0.2320485492327453,24,24
2023-05-15,train,catboost,0.1980361841974358,25,25
2023-05-22,train,catboost,0.24426014944286967,25,25
2023-05-29,train,catboost,0.35717539666723747,25,25
2023-06-05,train,catboost,0.20823762373365337,25,25
2023-06-12,train,catboost,0.4048108409285965,24,24
2023-06-19,train,catboost,0.2617118560886129,24,24
2023-06-26,train,catboost,0.24677168950692197,22,22
2023-07-03,train,catboost,0.3142384995854102,25,25
2023-07-10,train,catboost,0.29654106520711343,25,25
2023-07-17,train,catboost,0.25109764820562797,25,25
2023-07-24,train,catboost,0.3395202709780791,25,25
2023-07-31,train,catboost,0.315082848667361,24,24
2023-08-07,train,catboost,0.3183940112583215,24,24
2023-08-14,train,catboost,0.23458315068459368,23,23
2023-08-21,train,catboost,0.19085011789312512,25,25
2023-08-28,train,catboost,0.21027401937751455,25,25
2023-09-04,train,catboost,0.25406524912995165,24,24
2023-09-11,train,catboost,0.23223327840709415,23,23
2023-09-18,train,catboost,0.26873982224088455,25,25
2023-09-25,train,catboost,0.2580604793720377,24,24
2023-10-02,train,catboost,0.2202643695121661,25,25
2023-10-09,train,catboost,0.2315373258078356,25,25
2023-10-16,train,catboost,0.2814686105136312,24,24
2023-10-23,train,catboost,0.20467602602547152,24,24
2023-10-30,train,catboost,0.25053833108157947,25,25
2023-11-06,train,catboost,0.21042356605256946,23,23
2023-11-13,train,catboost,0.21608846529711667,25,25
2023-11-20,train,catboost,0.5609176914289512,24,24
2023-11-27,train,catboost,0.297470218843877,25,25
2023-12-04,train,catboost,1.0578517747900156,24,24
2023-12-11,train,catboost,0.408471342120334,23,23
2023-12-18,train,catboost,0.23567165643224086,22,22
2023-12-25,train,catboost,0.5852299675857596,15,15
2024-01-01,train,catboost,0.3135249750098833,21,21
2024-01-08,train,catboost,0.3744972816634663,23,23
2024-01-15,train,catboost,0.29392892742128396,24,24
2024-01-22,train,catboost,0.28380399817810714,24,24
2024-01-29,train,catboost,0.7960647410810485,25,25
2024-02-05,train,catboost,0.20105628931950809,25,25
2024-02-12,train,catboost,0.21146108892982332,23,23
2024-02-19,train,catboost,0.200869144114656,25,25
2024-02-26,train,catboost,0.1814616706826705,22,22
2024-03-04,train,catboost,0.2418544823512367,25,25
2024-03-11,train,catboost,0.29213203755694594,24,24
2024-03-18,train,catboost,0.24625001173805225,25,25
2024-03-25,train,catboost,0.20409235170800286,25,25
2024-04-01,train,catboost,0.39332951958359375,24,24
2024-04-08,train,catboost,0.2538680884650015,25,25
2024-04-15,train,catboost,0.1705240784758508,25,25
2024-04-22,train,catboost,0.23264175364332854,24,24
2024-04-29,train,catboost,0.3150667909283269,25,25
2024-05-06,train,catboost,0.17156609092524266,25,25
2024-05-13,train,catboost,0.22885922638805847,24,24
2024-05-20,train,catboost,0.2456859683125433,24,24
2024-05-27,train,catboost,0.26637811025888986,24,24
2024-06-03,train,catboost,0.24286381018857173,25,25
2024-06-10,train,catboost,0.2665829046442441,24,24
2024-06-17,train,catboost,0.45475106548023514,24,24
2024-06-24,train,catboost,0.27497377127571715,25,25
2024-07-01,train,catboost,0.4445479987367639,24,24
2024-07-08,train,catboost,0.22440484687121898,24,24
2024-07-15,train,catboost,0.33585690259098944,24,24
2024-07-22,train,catboost,0.24540543197342293,24,24
2024-07-29,train,catboost,0.22977266384489417,25,25
2024-08-05,train,catboost,0.1722493168050066,25,25
2024-08-12,train,catboost,0.2042388157727337,24,24
2024-08-19,train,catboost,0.3739122205280643,25,25
2024-08-26,train,catboost,0.19676132460278284,24,24
2024-09-02,train,catboost,0.259516336680883,24,24
2024-09-09,train,catboost,0.21641605126005475,23,23
2024-09-16,train,catboost,0.2944705316911988,25,25
2024-09-23,train,catboost,0.2848479799685075,25,25
2024-09-30,train,catboost,0.29359887604946927,24,24
2024-10-07,train,catboost,0.32266725561165727,25,25
2024-10-14,train,catboost,0.2548775905859438,25,25
2024-10-21,train,catboost,0.26807005540112566,24,24
2024-10-28,train,catboost,0.21295956247564715,25,25
2024-11-04,train,catboost,0.25104844048760927,25,25
2024-11-11,train,catboost,0.20647600641528974,24,24
2024-11-18,train,catboost,0.5695322498855152,24,24
2024-11-25,train,catboost,0.36488649234199627,25,25
2024-12-02,train,catboost,0.22611919447733772,24,24
2024-12-09,train,catboost,0.1781491450276745,24,24
2024-12-16,train,catboost,0.3368392600842221,24,24
2024-12-23,train,catboost,0.4941085711841683,25,25
2025-01-06,train,catboost,0.40639782822182463,22,22
2025-01-13,train,catboost,0.30110820448899084,24,24
2025-01-20,train,catboost,0.24748105845446602,21,21
2025-01-27,train,catboost,0.2910322424176309,25,25
2025-02-03,train,catboost,0.20664383208504486,24,24
2025-02-10,train,catboost,0.22158214564496834,25,25
2025-02-17,train,catboost,0.22795547672260805,23,23
2025-02-24,train,catboost,0.2020019847571095,24,24
2025-03-03,train,catboost,0.2578710191314418,24,24
2025-03-10,train,catboost,0.16663503488730913,25,25
2025-03-17,train,catboost,0.19691717169123404,24,24
2025-03-24,train,catboost,0.19052900707758744,24,24
2025-03-31,train,catboost,0.18985824039333207,24,24
2025-04-07,train,catboost,0.20089872924916954,24,24
2025-04-14,train,catboost,0.26009205356270865,24,24
2025-04-21,train,catboost,0.1676508573737353,23,23
2025-04-28,train,catboost,0.23168035686892696,24,24
2025-05-05,train,catboost,0.2150790432367294,23,23
2025-05-12,train,catboost,0.17076956704611326,24,24
2025-05-19,train,catboost,0.23119253196892106,24,24
2025-05-26,train,catboost,0.21659039668393942,25,25
2025-06-02,train,catboost,0.28428491039374004,25,25
2025-06-09,train,catboost,0.2727900025888006,24,24
2025-06-16,train,catboost,0.2161047393777078,24,24
2025-06-23,train,catboost,0.16344933819235088,24,24
2025-06-30,train,catboost,0.23570756090825987,23,23
2025-07-07,train,catboost,0.34269102244468513,25,25
2025-07-14,train,catboost,0.2209386705375077,23,23
2025-07-21,train,catboost,0.318949964622416,23,23
2025-07-28,train,catboost,0.24897137854314838,23,23
2025-08-04,train,catboost,0.27546528760312217,25,25
2025-08-11,train,catboost,0.23202869096975212,25,25
2025-08-18,train,catboost,0.16132552488402452,25,25
2025-08-25,train,catboost,0.3591725103051374,25,25
2025-09-01,train,catboost,0.23991074992386996,24,24
2025-09-08,train,catboost,0.35661492074279155,25,25
2025-09-15,train,catboost,0.2199180091061926,24,24
2025-09-22,train,catboost,0.3505384758705635,25,25
2025-09-29,train,catboost,0.15756973161493484,25,25
2025-10-06,train,catboost,0.21287008051004996,25,25
2025-10-13,train,catboost,0.22651198938789638,24,24
2025-10-20,train,catboost,0.19379343321226505,24,24
2025-10-27,train,catboost,0.1944103949201945,25,25
2025-11-03,train,catboost,0.16171883388992547,25,25
2025-11-10,train,catboost,0.248018639149972,24,24
2025-11-17,train,catboost,0.16645698773814588,25,25
2025-11-24,train,catboost,0.24976347299897728,25,25
2025-12-01,train,catboost,0.2540709198342334,25,25
2025-12-08,train,catboost,0.22206434192094865,25,25
2025-12-15,train,catboost,0.269963707950742,25,25
2025-12-22,train,catboost,0.21420503519122083,24,24
2025-12-29,train,catboost,0.31883297948515515,24,24
2026-01-05,train,catboost,0.41475452562099924,25,25
2026-01-12,train,catboost,0.2518399225408911,25,25
2026-01-19,train,catboost,0.23198391488797018,25,25
2026-01-26,train,catboost,0.20918557077691877,25,25
2026-02-02,train,catboost,0.17115600634680722,25,25
2026-02-09,train,catboost,0.16966975747585322,24,24
2026-02-16,train,catboost,0.22895533149157749,25,25
2026-02-23,train,catboost,0.17913201196730313,23,23
2026-03-02,train,catboost,0.18785635757034855,25,25
2026-03-09,train,catboost,0.21070812853849352,24,24
2026-03-16,train,catboost,0.18044485795601742,22,22
2026-03-23,train,catboost,0.13866473079672814,23,23
2026-03-30,train,catboost,0.187815911935403,22,22
2026-04-06,train,catboost,0.11657278160868707,23,23
2026-04-13,train,catboost,0.22466851111785854,23,23
2026-04-20,train,catboost,0.1747968015675774,25,25
2026-04-27,train,catboost,0.1258934632428299,24,24
2026-05-04,train,catboost,0.20660468965705858,24,24
2023-03-27,train,ensemble_all_5,0.37707838827626267,8,8
2023-04-03,train,ensemble_all_5,0.27746988269888734,10,10
2023-04-10,train,ensemble_all_5,0.22786583267175786,13,13
2023-04-17,train,ensemble_all_5,0.23166804504163208,13,13
2023-04-24,train,ensemble_all_5,0.1576009911477416,13,13
2023-05-01,train,ensemble_all_5,0.19769510837411855,17,17
2023-05-08,train,ensemble_all_5,0.21537044913968492,16,16
2023-05-15,train,ensemble_all_5,0.2077678818496239,18,18
2023-05-22,train,ensemble_all_5,0.25987322703895294,19,19
2023-05-29,train,ensemble_all_5,0.41337279581682973,20,20
2023-06-05,train,ensemble_all_5,0.24218557277508146,21,21
2023-06-12,train,ensemble_all_5,0.385409712475218,22,22
2023-06-19,train,ensemble_all_5,0.2656829927484861,22,22
2023-06-26,train,ensemble_all_5,0.26508425303770683,21,21
2023-07-03,train,ensemble_all_5,0.3398591365180186,23,23
2023-07-10,train,ensemble_all_5,0.2734193397010723,23,23
2023-07-17,train,ensemble_all_5,0.2525513286767932,24,24
2023-07-24,train,ensemble_all_5,0.36856622787061527,24,24
2023-07-31,train,ensemble_all_5,0.28935432125487953,23,23
2023-08-07,train,ensemble_all_5,0.33580295415880734,23,23
2023-08-14,train,ensemble_all_5,0.2698416565090474,22,22
2023-08-21,train,ensemble_all_5,0.22901250000878268,24,24
2023-08-28,train,ensemble_all_5,0.1891303570616987,24,24
2023-09-04,train,ensemble_all_5,0.3375331003735799,23,23
2023-09-11,train,ensemble_all_5,0.2147536788067044,22,22
2023-09-18,train,ensemble_all_5,0.27290141986475797,24,24
2023-09-25,train,ensemble_all_5,0.2638379552642551,23,23
2023-10-02,train,ensemble_all_5,0.26327092584867,24,24
2023-10-09,train,ensemble_all_5,0.2712967972132411,24,24
2023-10-16,train,ensemble_all_5,0.3099228107869277,23,23
2023-10-23,train,ensemble_all_5,0.22717849378352992,24,24
2023-10-30,train,ensemble_all_5,0.27798606186801933,25,25
2023-11-06,train,ensemble_all_5,0.23743181532449753,23,23
2023-11-13,train,ensemble_all_5,0.25447713253657694,25,25
2023-11-20,train,ensemble_all_5,0.7112646600056175,24,24
2023-11-27,train,ensemble_all_5,0.3068062509101756,25,25
2023-12-04,train,ensemble_all_5,1.106676808393654,24,24
2023-12-11,train,ensemble_all_5,0.8434371380038945,23,23
2023-12-18,train,ensemble_all_5,0.2651761581217429,22,22
2023-12-25,train,ensemble_all_5,0.6082748576778805,15,15
2024-01-01,train,ensemble_all_5,0.37863451200681275,21,21
2024-01-08,train,ensemble_all_5,0.411769118618461,23,23
2024-01-15,train,ensemble_all_5,0.33562247267253165,24,24
2024-01-22,train,ensemble_all_5,0.32924168677282595,24,24
2024-01-29,train,ensemble_all_5,0.8886117014063118,25,25
2024-02-05,train,ensemble_all_5,0.2604027372562036,25,25
2024-02-12,train,ensemble_all_5,0.2562707301556103,23,23
2024-02-19,train,ensemble_all_5,0.2323435272383142,25,25
2024-02-26,train,ensemble_all_5,0.22271001505899546,22,22
2024-03-04,train,ensemble_all_5,0.2745670569991832,25,25
2024-03-11,train,ensemble_all_5,0.3653589990006752,24,24
2024-03-18,train,ensemble_all_5,0.27896052797686977,25,25
2024-03-25,train,ensemble_all_5,0.23605400552641018,25,25
2024-04-01,train,ensemble_all_5,0.3835085914464187,24,24
2024-04-08,train,ensemble_all_5,0.30714528695600657,25,25
2024-04-15,train,ensemble_all_5,0.19379504339382425,25,25
2024-04-22,train,ensemble_all_5,0.26281197356395797,24,24
2024-04-29,train,ensemble_all_5,0.37826629647670357,25,25
2024-05-06,train,ensemble_all_5,0.20809563177593934,25,25
2024-05-13,train,ensemble_all_5,0.26409214170076467,24,24
2024-05-20,train,ensemble_all_5,0.28269026741425296,24,24
2024-05-27,train,ensemble_all_5,0.3291942226165155,24,24
2024-06-03,train,ensemble_all_5,0.2765576368267846,25,25
2024-06-10,train,ensemble_all_5,0.3049961044527612,24,24
2024-06-17,train,ensemble_all_5,0.4869211653991634,24,24
2024-06-24,train,ensemble_all_5,0.2786439994330812,25,25
2024-07-01,train,ensemble_all_5,0.45412114043211477,24,24
2024-07-08,train,ensemble_all_5,0.21422019210991586,24,24
2024-07-15,train,ensemble_all_5,0.3944608434054577,24,24
2024-07-22,train,ensemble_all_5,0.2622151248300644,24,24
2024-07-29,train,ensemble_all_5,0.26106145065465547,25,25
2024-08-05,train,ensemble_all_5,0.2011169057108729,25,25
2024-08-12,train,ensemble_all_5,0.22735082487389147,24,24
2024-08-19,train,ensemble_all_5,0.3948253741207079,25,25
2024-08-26,train,ensemble_all_5,0.23548020768235198,24,24
2024-09-02,train,ensemble_all_5,0.32011996886950883,24,24
2024-09-09,train,ensemble_all_5,0.25433550644096214,23,23
2024-09-16,train,ensemble_all_5,0.3046303517870502,25,25
2024-09-23,train,ensemble_all_5,0.27628936486356787,25,25
2024-09-30,train,ensemble_all_5,0.31862713769156614,24,24
2024-10-07,train,ensemble_all_5,0.369976357149786,25,25
2024-10-14,train,ensemble_all_5,0.2726577559861328,25,25
2024-10-21,train,ensemble_all_5,0.298502830756277,24,24
2024-10-28,train,ensemble_all_5,0.24311330568453396,25,25
2024-11-04,train,ensemble_all_5,0.28643913835604823,25,25
2024-11-11,train,ensemble_all_5,0.22804819626526143,24,24
2024-11-18,train,ensemble_all_5,0.894762303373164,24,24
2024-11-25,train,ensemble_all_5,0.4469491830891649,25,25
2024-12-02,train,ensemble_all_5,0.25827190872952316,24,24
2024-12-09,train,ensemble_all_5,0.21482705678150338,24,24
2024-12-16,train,ensemble_all_5,0.3794220942633113,24,24
2024-12-23,train,ensemble_all_5,0.562302251958495,25,25
2025-01-06,train,ensemble_all_5,0.5044242936621527,22,22
2025-01-13,train,ensemble_all_5,0.3589581801169588,24,24
2025-01-20,train,ensemble_all_5,0.25826563952629045,21,21
2025-01-27,train,ensemble_all_5,0.323813335094523,25,25
2025-02-03,train,ensemble_all_5,0.24770924400880212,24,24
2025-02-10,train,ensemble_all_5,0.24378083565004463,25,25
2025-02-17,train,ensemble_all_5,0.24290538562458153,23,23
2025-02-24,train,ensemble_all_5,0.2195292952734906,24,24
2025-03-03,train,ensemble_all_5,0.27856588911972074,24,24
2025-03-10,train,ensemble_all_5,0.19176606221121184,25,25
2025-03-17,train,ensemble_all_5,0.2082757810349064,24,24
2025-03-24,train,ensemble_all_5,0.21677229942189336,24,24
2025-03-31,train,ensemble_all_5,0.20624841763411153,24,24
2025-04-07,train,ensemble_all_5,0.22765630103307036,24,24
2025-04-14,train,ensemble_all_5,0.25915536282597834,24,24
2025-04-21,train,ensemble_all_5,0.18671633918357008,23,23
2025-04-28,train,ensemble_all_5,0.24309756622280976,24,24
2025-05-05,train,ensemble_all_5,0.24208404629214522,23,23
2025-05-12,train,ensemble_all_5,0.20661044747428173,24,24
2025-05-19,train,ensemble_all_5,0.25512864452369877,24,24
2025-05-26,train,ensemble_all_5,0.24313307670967516,25,25
2025-06-02,train,ensemble_all_5,0.2997131351985614,25,25
2025-06-09,train,ensemble_all_5,0.28256065375877254,24,24
2025-06-16,train,ensemble_all_5,0.24263543198800785,24,24
2025-06-23,train,ensemble_all_5,0.180864434263821,24,24
2025-06-30,train,ensemble_all_5,0.24253023936163892,23,23
2025-07-07,train,ensemble_all_5,0.3760158291158605,25,25
2025-07-14,train,ensemble_all_5,0.2343875820410714,23,23
2025-07-21,train,ensemble_all_5,0.35481497069757667,23,23
2025-07-28,train,ensemble_all_5,0.26774493825943346,23,23
2025-08-04,train,ensemble_all_5,0.32439004750580525,25,25
2025-08-11,train,ensemble_all_5,0.27105345830300864,25,25
2025-08-18,train,ensemble_all_5,0.19835210875116957,25,25
2025-08-25,train,ensemble_all_5,0.3593509266432581,25,25
2025-09-01,train,ensemble_all_5,0.28127775639740643,24,24
2025-09-08,train,ensemble_all_5,0.43311085851011116,25,25
2025-09-15,train,ensemble_all_5,0.247487184577161,24,24
2025-09-22,train,ensemble_all_5,0.33903219899539816,25,25
2025-09-29,train,ensemble_all_5,0.178522912249876,25,25
2025-10-06,train,ensemble_all_5,0.2422337576128406,25,25
2025-10-13,train,ensemble_all_5,0.2378129144976994,24,24
2025-10-20,train,ensemble_all_5,0.2278293793945435,24,24
2025-10-27,train,ensemble_all_5,0.21514021691877236,25,25
2025-11-03,train,ensemble_all_5,0.19390752581292678,25,25
2025-11-10,train,ensemble_all_5,0.25951356452098656,24,24
2025-11-17,train,ensemble_all_5,0.2026780524917114,25,25
2025-11-24,train,ensemble_all_5,0.28401036114643813,25,25
2025-12-01,train,ensemble_all_5,0.36238295891999966,25,25
2025-12-08,train,ensemble_all_5,0.2431550923966242,25,25
2025-12-15,train,ensemble_all_5,0.31384258785666946,25,25
2025-12-22,train,ensemble_all_5,0.24292951305583996,24,24
2025-12-29,train,ensemble_all_5,0.45163566862854704,24,24
2026-01-05,train,ensemble_all_5,0.4859437659275953,25,25
2026-01-12,train,ensemble_all_5,0.30423708187650284,25,25
2026-01-19,train,ensemble_all_5,0.2625847541514097,25,25
2026-01-26,train,ensemble_all_5,0.26264280819522573,25,25
2026-02-02,train,ensemble_all_5,0.1993879058829326,25,25
2026-02-09,train,ensemble_all_5,0.2093799953915435,24,24
2026-02-16,train,ensemble_all_5,0.3226631944129837,25,25
2026-02-23,train,ensemble_all_5,0.22598912377216732,23,23
2026-03-02,train,ensemble_all_5,0.24519578280753215,25,25
2026-03-09,train,ensemble_all_5,0.2953607781579655,24,24
2026-03-16,train,ensemble_all_5,0.25126123432786407,22,22
2026-03-23,train,ensemble_all_5,0.2191318635209522,23,23
2026-03-30,train,ensemble_all_5,0.2384133482959718,22,22
2026-04-06,train,ensemble_all_5,0.16834729690377687,23,23
2026-04-13,train,ensemble_all_5,0.2528529047619358,23,23
2026-04-20,train,ensemble_all_5,0.2489918612576915,25,25
2026-04-27,train,ensemble_all_5,0.2080364173040288,24,24
2026-05-04,train,ensemble_all_5,0.3414160367745534,1,1
2023-03-27,train,ensemble_dl,0.4950053450750873,8,8
2023-04-03,train,ensemble_dl,0.2674174609671564,10,10
2023-04-10,train,ensemble_dl,0.24951452003823069,13,13
2023-04-17,train,ensemble_dl,0.2552124853714978,13,13
2023-04-24,train,ensemble_dl,0.17495503383355973,13,13
2023-05-01,train,ensemble_dl,0.20711730348089374,17,17
2023-05-08,train,ensemble_dl,0.24937887145022686,16,16
2023-05-15,train,ensemble_dl,0.21894059713175715,18,18
2023-05-22,train,ensemble_dl,0.2872572188265029,19,19
2023-05-29,train,ensemble_dl,0.5212866088034586,20,20
2023-06-05,train,ensemble_dl,0.2752511809117818,21,21
2023-06-12,train,ensemble_dl,0.39059010903865893,22,22
2023-06-19,train,ensemble_dl,0.2922465047450814,22,22
2023-06-26,train,ensemble_dl,0.2836946245419724,21,21
2023-07-03,train,ensemble_dl,0.37547726010527877,23,23
2023-07-10,train,ensemble_dl,0.24629378133035776,23,23
2023-07-17,train,ensemble_dl,0.2905619775236479,24,24
2023-07-24,train,ensemble_dl,0.3644105180444483,24,24
2023-07-31,train,ensemble_dl,0.2836558603879554,23,23
2023-08-07,train,ensemble_dl,0.3202520937418539,23,23
2023-08-14,train,ensemble_dl,0.2958714197449485,22,22
2023-08-21,train,ensemble_dl,0.24433092726312536,24,24
2023-08-28,train,ensemble_dl,0.19627728757254304,24,24
2023-09-04,train,ensemble_dl,0.4236735286490314,23,23
2023-09-11,train,ensemble_dl,0.21427514984916057,22,22
2023-09-18,train,ensemble_dl,0.2856033892370841,24,24
2023-09-25,train,ensemble_dl,0.27291636056871643,23,23
2023-10-02,train,ensemble_dl,0.2875386768033716,24,24
2023-10-09,train,ensemble_dl,0.3280468785959157,24,24
2023-10-16,train,ensemble_dl,0.34169339111020164,23,23
2023-10-23,train,ensemble_dl,0.24778546985829453,24,24
2023-10-30,train,ensemble_dl,0.2921321744205322,25,25
2023-11-06,train,ensemble_dl,0.25050082223745546,23,23
2023-11-13,train,ensemble_dl,0.2835027881943605,25,25
2023-11-20,train,ensemble_dl,0.8193601896718198,24,24
2023-11-27,train,ensemble_dl,0.32853103966385355,25,25
2023-12-04,train,ensemble_dl,1.2437654625312107,24,24
2023-12-11,train,ensemble_dl,1.1729976859749411,23,23
2023-12-18,train,ensemble_dl,0.2788746204640147,22,22
2023-12-25,train,ensemble_dl,0.6444326006413725,15,15
2024-01-01,train,ensemble_dl,0.4402458812120243,21,21
2024-01-08,train,ensemble_dl,0.47691476216106393,23,23
2024-01-15,train,ensemble_dl,0.35094837329424133,24,24
2024-01-22,train,ensemble_dl,0.33388594912048125,24,24
2024-01-29,train,ensemble_dl,0.9467779462903445,25,25
2024-02-05,train,ensemble_dl,0.30289217968126286,25,25
2024-02-12,train,ensemble_dl,0.26803939607335997,23,23
2024-02-19,train,ensemble_dl,0.2586349037547402,25,25
2024-02-26,train,ensemble_dl,0.23234223088519615,22,22
2024-03-04,train,ensemble_dl,0.2797134586242034,25,25
2024-03-11,train,ensemble_dl,0.4188296001123803,24,24
2024-03-18,train,ensemble_dl,0.276623012162554,25,25
2024-03-25,train,ensemble_dl,0.2465755410980875,25,25
2024-04-01,train,ensemble_dl,0.4302612170269948,24,24
2024-04-08,train,ensemble_dl,0.3315121537684621,25,25
2024-04-15,train,ensemble_dl,0.20234544274387983,25,25
2024-04-22,train,ensemble_dl,0.28605603515362216,24,24
2024-04-29,train,ensemble_dl,0.3888461889052771,25,25
2024-05-06,train,ensemble_dl,0.22309456599060495,25,25
2024-05-13,train,ensemble_dl,0.2838751640892656,24,24
2024-05-20,train,ensemble_dl,0.30576485534548875,24,24
2024-05-27,train,ensemble_dl,0.3769332833817735,24,24
2024-06-03,train,ensemble_dl,0.30907671227230193,25,25
2024-06-10,train,ensemble_dl,0.3245668475745609,24,24
2024-06-17,train,ensemble_dl,0.5921073698415998,24,24
2024-06-24,train,ensemble_dl,0.2756381303688369,25,25
2024-07-01,train,ensemble_dl,0.43452915541631193,24,24
2024-07-08,train,ensemble_dl,0.23914883478626567,24,24
2024-07-15,train,ensemble_dl,0.4469302543429885,24,24
2024-07-22,train,ensemble_dl,0.26996209171656343,24,24
2024-07-29,train,ensemble_dl,0.27400668255132393,25,25
2024-08-05,train,ensemble_dl,0.21893530391498006,25,25
2024-08-12,train,ensemble_dl,0.2528031142861172,24,24
2024-08-19,train,ensemble_dl,0.4080253328634616,25,25
2024-08-26,train,ensemble_dl,0.2625494153226533,24,24
2024-09-02,train,ensemble_dl,0.4017284944653019,24,24
2024-09-09,train,ensemble_dl,0.28441967095614207,23,23
2024-09-16,train,ensemble_dl,0.3261515988709929,25,25
2024-09-23,train,ensemble_dl,0.30050758763027274,25,25
2024-09-30,train,ensemble_dl,0.39240511908438097,24,24
2024-10-07,train,ensemble_dl,0.39078018702876177,25,25
2024-10-14,train,ensemble_dl,0.3019560167471868,25,25
2024-10-21,train,ensemble_dl,0.320412396633656,24,24
2024-10-28,train,ensemble_dl,0.26477988465480456,25,25
2024-11-04,train,ensemble_dl,0.31176732874167584,25,25
2024-11-11,train,ensemble_dl,0.23686719135590115,24,24
2024-11-18,train,ensemble_dl,0.9997462392192206,24,24
2024-11-25,train,ensemble_dl,0.49192601886784865,25,25
2024-12-02,train,ensemble_dl,0.2675883466558268,24,24
2024-12-09,train,ensemble_dl,0.25835449597976395,24,24
2024-12-16,train,ensemble_dl,0.4236664205170997,24,24
2024-12-23,train,ensemble_dl,0.5969824007097021,25,25
2025-01-06,train,ensemble_dl,0.5884319818485659,22,22
2025-01-13,train,ensemble_dl,0.3939396440050847,24,24
2025-01-20,train,ensemble_dl,0.2551096311894189,21,21
2025-01-27,train,ensemble_dl,0.32340061207573834,25,25
2025-02-03,train,ensemble_dl,0.2824490609274221,24,24
2025-02-10,train,ensemble_dl,0.25650810243586164,25,25
2025-02-17,train,ensemble_dl,0.2593053521957133,23,23
2025-02-24,train,ensemble_dl,0.22674113271888588,24,24
2025-03-03,train,ensemble_dl,0.3190614875109253,24,24
2025-03-10,train,ensemble_dl,0.2157196158741321,25,25
2025-03-17,train,ensemble_dl,0.20321949743346393,24,24
2025-03-24,train,ensemble_dl,0.22286786054775012,24,24
2025-03-31,train,ensemble_dl,0.21688243317106615,24,24
2025-04-07,train,ensemble_dl,0.2444693721301676,24,24
2025-04-14,train,ensemble_dl,0.24801264344493543,24,24
2025-04-21,train,ensemble_dl,0.19314333445873724,23,23
2025-04-28,train,ensemble_dl,0.24060350930810603,24,24
2025-05-05,train,ensemble_dl,0.2590403063023722,23,23
2025-05-12,train,ensemble_dl,0.2427025263021525,24,24
2025-05-19,train,ensemble_dl,0.26458611583772035,24,24
2025-05-26,train,ensemble_dl,0.2524730246921801,25,25
2025-06-02,train,ensemble_dl,0.29949093303686086,25,25
2025-06-09,train,ensemble_dl,0.30188105438660146,24,24
2025-06-16,train,ensemble_dl,0.26676099827334104,24,24
2025-06-23,train,ensemble_dl,0.19791628661114877,24,24
2025-06-30,train,ensemble_dl,0.28447960987408655,23,23
2025-07-07,train,ensemble_dl,0.4555899366338326,25,25
2025-07-14,train,ensemble_dl,0.24281939658392174,23,23
2025-07-21,train,ensemble_dl,0.4002266331821271,23,23
2025-07-28,train,ensemble_dl,0.28090666776539,23,23
2025-08-04,train,ensemble_dl,0.3833825803269265,25,25
2025-08-11,train,ensemble_dl,0.3103875551196196,25,25
2025-08-18,train,ensemble_dl,0.22616572353769054,25,25
2025-08-25,train,ensemble_dl,0.4328388558189664,25,25
2025-09-01,train,ensemble_dl,0.3053828971144172,24,24
2025-09-08,train,ensemble_dl,0.4832707858469563,25,25
2025-09-15,train,ensemble_dl,0.2762337138081092,24,24
2025-09-22,train,ensemble_dl,0.3585451713552215,25,25
2025-09-29,train,ensemble_dl,0.191925832849031,25,25
2025-10-06,train,ensemble_dl,0.2667832812629124,25,25
2025-10-13,train,ensemble_dl,0.2556867356529374,24,24
2025-10-20,train,ensemble_dl,0.24746375663568418,24,24
2025-10-27,train,ensemble_dl,0.24111550354035688,25,25
2025-11-03,train,ensemble_dl,0.2167135135241418,25,25
2025-11-10,train,ensemble_dl,0.2658510205101711,24,24
2025-11-17,train,ensemble_dl,0.23045421865904828,25,25
2025-11-24,train,ensemble_dl,0.3067133278854652,25,25
2025-12-01,train,ensemble_dl,0.46076942773449714,25,25
2025-12-08,train,ensemble_dl,0.25828023663504074,25,25
2025-12-15,train,ensemble_dl,0.369667548956175,25,25
2025-12-22,train,ensemble_dl,0.2577806683054808,24,24
2025-12-29,train,ensemble_dl,0.5170313784518499,24,24
2026-01-05,train,ensemble_dl,0.5260752701635233,25,25
2026-01-12,train,ensemble_dl,0.33488038694169137,25,25
2026-01-19,train,ensemble_dl,0.31678623643585113,25,25
2026-01-26,train,ensemble_dl,0.2858446012376053,25,25
2026-02-02,train,ensemble_dl,0.1956599754691999,25,25
2026-02-09,train,ensemble_dl,0.22020541718513661,24,24
2026-02-16,train,ensemble_dl,0.4226526346510482,25,25
2026-02-23,train,ensemble_dl,0.24246258210293997,23,23
2026-03-02,train,ensemble_dl,0.2726912672083028,25,25
2026-03-09,train,ensemble_dl,0.3544037278815219,24,24
2026-03-16,train,ensemble_dl,0.2537799518691457,22,22
2026-03-23,train,ensemble_dl,0.2298073092963408,23,23
2026-03-30,train,ensemble_dl,0.2865064160099192,22,22
2026-04-06,train,ensemble_dl,0.2000454623525989,23,23
2026-04-13,train,ensemble_dl,0.2741441066078973,23,23
2026-04-20,train,ensemble_dl,0.28972669296759834,25,25
2026-04-27,train,ensemble_dl,0.24825418468188154,24,24
2026-05-04,train,ensemble_dl,0.3590253118438616,1,1
2022-01-03,train,ensemble_tree,0.6972018692163247,19,19
2022-01-10,train,ensemble_tree,0.4158959482166692,19,19
2022-01-17,train,ensemble_tree,0.3406482948313881,16,16
2022-01-24,train,ensemble_tree,0.37434546772801763,15,15
2022-01-31,train,ensemble_tree,0.32910404214866196,19,19
2022-02-07,train,ensemble_tree,0.26868528912020706,20,20
2022-02-14,train,ensemble_tree,0.33224879461643536,20,20
2022-02-21,train,ensemble_tree,0.3527955392145779,22,22
2022-02-28,train,ensemble_tree,0.5597794608857402,24,24
2022-03-07,train,ensemble_tree,0.284334857778454,21,21
2022-03-14,train,ensemble_tree,0.27828692075706407,23,23
2022-03-21,train,ensemble_tree,0.25862614154251173,22,22
2022-03-28,train,ensemble_tree,0.28526091847378643,23,23
2022-04-04,train,ensemble_tree,0.25329431494307947,23,23
2022-04-11,train,ensemble_tree,0.30468068878008403,23,23
2022-04-18,train,ensemble_tree,0.22607846407286736,23,23
2022-04-25,train,ensemble_tree,0.3046507293145717,22,22
2022-05-02,train,ensemble_tree,0.22079503755707935,23,23
2022-05-09,train,ensemble_tree,0.21353520108781315,20,20
2022-05-16,train,ensemble_tree,0.2296668579944536,21,21
2022-05-23,train,ensemble_tree,0.3073914214723374,21,21
2022-05-30,train,ensemble_tree,0.2682145661082463,20,20
2022-06-06,train,ensemble_tree,0.35011820699819973,23,23
2022-06-13,train,ensemble_tree,0.274471901803414,23,23
2022-06-20,train,ensemble_tree,0.23159987577024294,25,25
2022-06-27,train,ensemble_tree,0.20258999597429483,24,24
2022-07-04,train,ensemble_tree,0.3066405568033825,21,21
2022-07-11,train,ensemble_tree,0.2716097026476478,25,25
2022-07-18,train,ensemble_tree,0.26814022748250976,22,22
2022-07-25,train,ensemble_tree,0.22892477284437704,25,25
2022-08-01,train,ensemble_tree,1.0510763762575777,25,25
2022-08-08,train,ensemble_tree,0.28470059569625406,25,25
2022-08-15,train,ensemble_tree,0.3571469001873656,25,25
2022-08-22,train,ensemble_tree,0.20982585654865676,25,25
2022-08-29,train,ensemble_tree,0.31674825720820066,25,25
2022-09-05,train,ensemble_tree,0.27193932092379514,24,24
2022-09-12,train,ensemble_tree,0.24331164856071943,24,24
2022-09-19,train,ensemble_tree,0.36698683037084007,24,24
2022-09-26,train,ensemble_tree,0.23502975265547058,25,25
2022-10-03,train,ensemble_tree,0.29662123266861085,25,25
2022-10-10,train,ensemble_tree,0.24923233038702808,25,25
2022-10-17,train,ensemble_tree,0.25461636057907233,25,25
2022-10-24,train,ensemble_tree,0.21527303868395486,24,24
2022-10-31,train,ensemble_tree,0.24817433855424295,25,25
2022-11-07,train,ensemble_tree,0.2984836345287863,25,25
2022-11-14,train,ensemble_tree,0.3646912307172762,25,25
2022-11-21,train,ensemble_tree,0.4487621380714144,25,25
2022-11-28,train,ensemble_tree,0.25553973793040996,25,25
2022-12-05,train,ensemble_tree,0.20209720145369672,25,25
2022-12-12,train,ensemble_tree,0.25205520917719093,23,23
2022-12-19,train,ensemble_tree,0.290031337294054,22,22
2022-12-26,train,ensemble_tree,0.384723671207046,17,17
2023-01-02,train,ensemble_tree,0.3470612748970599,23,23
2023-01-09,train,ensemble_tree,0.3267227008182498,24,24
2023-01-16,train,ensemble_tree,0.2393346786082133,24,24
2023-01-23,train,ensemble_tree,0.28931769901341914,25,25
2023-01-30,train,ensemble_tree,0.22124700179047577,24,24
2023-02-06,train,ensemble_tree,0.19504974104310543,24,24
2023-02-13,train,ensemble_tree,0.18893017908223175,24,24
2023-02-20,train,ensemble_tree,0.2566771960566164,25,25
2023-02-27,train,ensemble_tree,0.3116485633380799,25,25
2023-03-06,train,ensemble_tree,0.3268433666530813,25,25
2023-03-13,train,ensemble_tree,0.3645071904201041,25,25
2023-03-20,train,ensemble_tree,0.18514637206309129,24,24
2023-03-27,train,ensemble_tree,0.25427718458970394,25,25
2023-04-03,train,ensemble_tree,0.25025365069167327,25,25
2023-04-10,train,ensemble_tree,0.2874406001680025,25,25
2023-04-17,train,ensemble_tree,0.2564165478981213,25,25
2023-04-24,train,ensemble_tree,0.1826892068608129,25,25
2023-05-01,train,ensemble_tree,0.19015070597539677,24,24
2023-05-08,train,ensemble_tree,0.25437432086611284,24,24
2023-05-15,train,ensemble_tree,0.22261838657370403,25,25
2023-05-22,train,ensemble_tree,0.26842354450764316,25,25
2023-05-29,train,ensemble_tree,0.35120309963278806,25,25
2023-06-05,train,ensemble_tree,0.22477021062151686,25,25
2023-06-12,train,ensemble_tree,0.39079030852400715,24,24
2023-06-19,train,ensemble_tree,0.29370272227210936,24,24
2023-06-26,train,ensemble_tree,0.2596343328237443,22,22
2023-07-03,train,ensemble_tree,0.32278887710239135,25,25
2023-07-10,train,ensemble_tree,0.31756986834477724,25,25
2023-07-17,train,ensemble_tree,0.26264288747780634,25,25
2023-07-24,train,ensemble_tree,0.38230093620621836,25,25
2023-07-31,train,ensemble_tree,0.3187756179905163,24,24
2023-08-07,train,ensemble_tree,0.37653683070530874,24,24
2023-08-14,train,ensemble_tree,0.2673497644981374,23,23
2023-08-21,train,ensemble_tree,0.2175534365211199,25,25
2023-08-28,train,ensemble_tree,0.2390166603252857,25,25
2023-09-04,train,ensemble_tree,0.27927147249982254,24,24
2023-09-11,train,ensemble_tree,0.23609122204791208,23,23
2023-09-18,train,ensemble_tree,0.2941455572281663,25,25
2023-09-25,train,ensemble_tree,0.2830559703143935,24,24
2023-10-02,train,ensemble_tree,0.2573500379050769,25,25
2023-10-09,train,ensemble_tree,0.2533031928602384,25,25
2023-10-16,train,ensemble_tree,0.31917978697639565,24,24
2023-10-23,train,ensemble_tree,0.2207041337969793,24,24
2023-10-30,train,ensemble_tree,0.27469883782262094,25,25
2023-11-06,train,ensemble_tree,0.2279103378304098,23,23
2023-11-13,train,ensemble_tree,0.23441626997195272,25,25
2023-11-20,train,ensemble_tree,0.635620002008181,24,24
2023-11-27,train,ensemble_tree,0.307002739972138,25,25
2023-12-04,train,ensemble_tree,1.018756669665281,24,24
2023-12-11,train,ensemble_tree,0.6272124226283865,23,23
2023-12-18,train,ensemble_tree,0.260211032698135,22,22
2023-12-25,train,ensemble_tree,0.5934630335626837,15,15
2024-01-01,train,ensemble_tree,0.3446723700749283,21,21
2024-01-08,train,ensemble_tree,0.3739378934985666,23,23
2024-01-15,train,ensemble_tree,0.33119236499320476,24,24
2024-01-22,train,ensemble_tree,0.3422361257494659,24,24
2024-01-29,train,ensemble_tree,0.8721987101008117,25,25
2024-02-05,train,ensemble_tree,0.23500547378755493,25,25
2024-02-12,train,ensemble_tree,0.2531953614285164,23,23
2024-02-19,train,ensemble_tree,0.2352572543354371,25,25
2024-02-26,train,ensemble_tree,0.22060371506030838,22,22
2024-03-04,train,ensemble_tree,0.2820234145235469,25,25
2024-03-11,train,ensemble_tree,0.32634819382771907,24,24
2024-03-18,train,ensemble_tree,0.2853071815526419,25,25
2024-03-25,train,ensemble_tree,0.22948061005276127,25,25
2024-04-01,train,ensemble_tree,0.3615654324869779,24,24
2024-04-08,train,ensemble_tree,0.29005024892002634,25,25
2024-04-15,train,ensemble_tree,0.19242597188151714,25,25
2024-04-22,train,ensemble_tree,0.26153473754047546,24,24
2024-04-29,train,ensemble_tree,0.3788152649601615,25,25
2024-05-06,train,ensemble_tree,0.1973936875006348,25,25
2024-05-13,train,ensemble_tree,0.25098436546203934,24,24
2024-05-20,train,ensemble_tree,0.26954842818966523,24,24
2024-05-27,train,ensemble_tree,0.2978018375478792,24,24
2024-06-03,train,ensemble_tree,0.2573235431056064,25,25
2024-06-10,train,ensemble_tree,0.29310643027524025,24,24
2024-06-17,train,ensemble_tree,0.4230074951363357,24,24
2024-06-24,train,ensemble_tree,0.2923787483954262,25,25
2024-07-01,train,ensemble_tree,0.48379128481618155,24,24
2024-07-08,train,ensemble_tree,0.21526610055130035,24,24
2024-07-15,train,ensemble_tree,0.3701168449184827,24,24
2024-07-22,train,ensemble_tree,0.2718565865472545,24,24
2024-07-29,train,ensemble_tree,0.26026209311043486,25,25
2024-08-05,train,ensemble_tree,0.19300713871879033,25,25
2024-08-12,train,ensemble_tree,0.22630864100742823,24,24
2024-08-19,train,ensemble_tree,0.38811750054305577,25,25
2024-08-26,train,ensemble_tree,0.21693805847058997,24,24
2024-09-02,train,ensemble_tree,0.2730420172913404,24,24
2024-09-09,train,ensemble_tree,0.23128090620666253,23,23
2024-09-16,train,ensemble_tree,0.31176162730626983,25,25
2024-09-23,train,ensemble_tree,0.26359027132134105,25,25
2024-09-30,train,ensemble_tree,0.29506214401405306,24,24
2024-10-07,train,ensemble_tree,0.36041190376863275,25,25
2024-10-14,train,ensemble_tree,0.27517188532341214,25,25
2024-10-21,train,ensemble_tree,0.2911105741963501,24,24
2024-10-28,train,ensemble_tree,0.23141845779836842,25,25
2024-11-04,train,ensemble_tree,0.2737050413912662,25,25
2024-11-11,train,ensemble_tree,0.22673947971266095,24,24
2024-11-18,train,ensemble_tree,0.8130048950185736,24,24
2024-11-25,train,ensemble_tree,0.41636960589557914,25,25
2024-12-02,train,ensemble_tree,0.25416550802334087,24,24
2024-12-09,train,ensemble_tree,0.18910581394532655,24,24
2024-12-16,train,ensemble_tree,0.35035545736407375,24,24
2024-12-23,train,ensemble_tree,0.536818032132619,25,25
2025-01-06,train,ensemble_tree,0.4505218215614501,22,22
2025-01-13,train,ensemble_tree,0.3399370485454614,24,24
2025-01-20,train,ensemble_tree,0.26844088925179904,21,21
2025-01-27,train,ensemble_tree,0.3265059632187611,25,25
2025-02-03,train,ensemble_tree,0.22954967876914456,24,24
2025-02-10,train,ensemble_tree,0.23685519621851636,25,25
2025-02-17,train,ensemble_tree,0.24254778190184242,23,23
2025-02-24,train,ensemble_tree,0.21765931872372302,24,24
2025-03-03,train,ensemble_tree,0.2562913973886877,24,24
2025-03-10,train,ensemble_tree,0.178556081116161,25,25
2025-03-17,train,ensemble_tree,0.21652109862085825,24,24
2025-03-24,train,ensemble_tree,0.21579053317674204,24,24
2025-03-31,train,ensemble_tree,0.19939904911779713,24,24
2025-04-07,train,ensemble_tree,0.21690329728392807,24,24
2025-04-14,train,ensemble_tree,0.2687586659987415,24,24
2025-04-21,train,ensemble_tree,0.18921311679706015,23,23
2025-04-28,train,ensemble_tree,0.25205462485167596,24,24
2025-05-05,train,ensemble_tree,0.2333715369864149,23,23
2025-05-12,train,ensemble_tree,0.18576844787416566,24,24
2025-05-19,train,ensemble_tree,0.25488850164837057,24,24
2025-05-26,train,ensemble_tree,0.23740346569405824,25,25
2025-06-02,train,ensemble_tree,0.30166982225166183,25,25
2025-06-09,train,ensemble_tree,0.2719933816567746,24,24
2025-06-16,train,ensemble_tree,0.23604980127393116,24,24
2025-06-23,train,ensemble_tree,0.17195419479661855,24,24
2025-06-30,train,ensemble_tree,0.23242152380826148,23,23
2025-07-07,train,ensemble_tree,0.34245578549749484,25,25
2025-07-14,train,ensemble_tree,0.23774173041881713,23,23
2025-07-21,train,ensemble_tree,0.3305956955808949,23,23
2025-07-28,train,ensemble_tree,0.27186631868191075,23,23
2025-08-04,train,ensemble_tree,0.27940142816435826,25,25
2025-08-11,train,ensemble_tree,0.2498015575841676,25,25
2025-08-18,train,ensemble_tree,0.17828006705006924,25,25
2025-08-25,train,ensemble_tree,0.34097246203532383,25,25
2025-09-01,train,ensemble_tree,0.27172333146550487,24,24
2025-09-08,train,ensemble_tree,0.40388307494494,25,25
2025-09-15,train,ensemble_tree,0.24035089421654418,24,24
2025-09-22,train,ensemble_tree,0.3340428711073012,25,25
2025-09-29,train,ensemble_tree,0.1784557882481745,25,25
2025-10-06,train,ensemble_tree,0.22805826521633507,25,25
2025-10-13,train,ensemble_tree,0.23263530233276844,24,24
2025-10-20,train,ensemble_tree,0.21449635336971615,24,24
2025-10-27,train,ensemble_tree,0.20501304582611277,25,25
2025-11-03,train,ensemble_tree,0.18014473067202613,25,25
2025-11-10,train,ensemble_tree,0.25871256300256534,24,24
2025-11-17,train,ensemble_tree,0.18518341929129636,25,25
2025-11-24,train,ensemble_tree,0.27050936608581505,25,25
2025-12-01,train,ensemble_tree,0.3025663231065591,25,25
2025-12-08,train,ensemble_tree,0.2370955484804963,25,25
2025-12-15,train,ensemble_tree,0.2797051425511094,25,25
2025-12-22,train,ensemble_tree,0.23893370848549814,24,24
2025-12-29,train,ensemble_tree,0.40834379936418236,24,24
2026-01-05,train,ensemble_tree,0.46625818249641765,25,25
2026-01-12,train,ensemble_tree,0.28124334252083805,25,25
2026-01-19,train,ensemble_tree,0.24088327993189965,25,25
2026-01-26,train,ensemble_tree,0.24771381009364318,25,25
2026-02-02,train,ensemble_tree,0.20853216298076474,25,25
2026-02-09,train,ensemble_tree,0.20229074236076752,24,24
2026-02-16,train,ensemble_tree,0.27802563483374987,25,25
2026-02-23,train,ensemble_tree,0.21992670554380014,23,23
2026-03-02,train,ensemble_tree,0.23086856721289112,25,25
2026-03-09,train,ensemble_tree,0.2606537887736082,24,24
2026-03-16,train,ensemble_tree,0.2639537913144933,22,22
2026-03-23,train,ensemble_tree,0.21302909892466754,23,23
2026-03-30,train,ensemble_tree,0.21572952124459555,22,22
2026-04-06,train,ensemble_tree,0.15293068522848072,23,23
2026-04-13,train,ensemble_tree,0.2593438180324467,23,23
2026-04-20,train,ensemble_tree,0.23157530851462002,25,25
2026-04-27,train,ensemble_tree,0.18194175258419487,24,24
2026-05-04,train,ensemble_tree,0.2668136655019581,24,24
2023-03-27,train,gru,0.49285669112578034,8,8
2023-04-03,train,gru,0.3050339780215706,10,10
2023-04-10,train,gru,0.2997974940463081,13,13
2023-04-17,train,gru,0.27201256575574584,13,13
2023-04-24,train,gru,0.19296234688506672,13,13
2023-05-01,train,gru,0.2154834191745319,17,17
2023-05-08,train,gru,0.2673932261532172,16,16
2023-05-15,train,gru,0.2279729942628552,18,18
2023-05-22,train,gru,0.2963909699364488,19,19
2023-05-29,train,gru,0.5410664091285851,20,20
2023-06-05,train,gru,0.28943117723173023,21,21
2023-06-12,train,gru,0.3940783940352402,22,22
2023-06-19,train,gru,0.30488021688705136,22,22
2023-06-26,train,gru,0.3031834560212026,21,21
2023-07-03,train,gru,0.3953767481450894,23,23
2023-07-10,train,gru,0.25724695673825576,23,23
2023-07-17,train,gru,0.30463328740249074,24,24
2023-07-24,train,gru,0.40433807538024014,24,24
2023-07-31,train,gru,0.3160552882259676,23,23
2023-08-07,train,gru,0.3528206984610846,23,23
2023-08-14,train,gru,0.3217897330495444,22,22
2023-08-21,train,gru,0.26147108360947596,24,24
2023-08-28,train,gru,0.2131030412080387,24,24
2023-09-04,train,gru,0.4294443191231593,23,23
2023-09-11,train,gru,0.23366039892198975,22,22
2023-09-18,train,gru,0.29785985896541245,24,24
2023-09-25,train,gru,0.2992458927636006,23,23
2023-10-02,train,gru,0.296254053767327,24,24
2023-10-09,train,gru,0.35263021021992674,24,24
2023-10-16,train,gru,0.3496245307072719,23,23
2023-10-23,train,gru,0.2708503181513931,24,24
2023-10-30,train,gru,0.32202228605747224,25,25
2023-11-06,train,gru,0.2662501074720799,23,23
2023-11-13,train,gru,0.2986175377454076,25,25
2023-11-20,train,gru,0.8279692407120907,24,24
2023-11-27,train,gru,0.35529092549213337,25,25
2023-12-04,train,gru,1.284437142778188,24,24
2023-12-11,train,gru,1.2203028981128465,23,23
2023-12-18,train,gru,0.3113229235682588,22,22
2023-12-25,train,gru,0.6992685888317369,15,15
2024-01-01,train,gru,0.47111099727806593,21,21
2024-01-08,train,gru,0.492349872886209,23,23
2024-01-15,train,gru,0.36277039688346635,24,24
2024-01-22,train,gru,0.3715774351620071,24,24
2024-01-29,train,gru,0.9641616604902914,25,25
2024-02-05,train,gru,0.3213928358256817,25,25
2024-02-12,train,gru,0.28229955949398294,23,23
2024-02-19,train,gru,0.2791056273984057,25,25
2024-02-26,train,gru,0.25241773346946994,22,22
2024-03-04,train,gru,0.2983996893784829,25,25
2024-03-11,train,gru,0.4364540128791261,24,24
2024-03-18,train,gru,0.2900374908718679,25,25
2024-03-25,train,gru,0.266967984555023,25,25
2024-04-01,train,gru,0.4521017697794984,24,24
2024-04-08,train,gru,0.34047548813479284,25,25
2024-04-15,train,gru,0.21467212373656885,25,25
2024-04-22,train,gru,0.31331428409820156,24,24
2024-04-29,train,gru,0.38939284764230253,25,25
2024-05-06,train,gru,0.2389690885267087,25,25
2024-05-13,train,gru,0.2984053280115837,24,24
2024-05-20,train,gru,0.31458866513068123,24,24
2024-05-27,train,gru,0.398751776144352,24,24
2024-06-03,train,gru,0.31880846588739326,25,25
2024-06-10,train,gru,0.3422821366804696,24,24
2024-06-17,train,gru,0.6048826287899699,24,24
2024-06-24,train,gru,0.29055910327604834,25,25
2024-07-01,train,gru,0.44707556047831615,24,24
2024-07-08,train,gru,0.2653022059904677,24,24
2024-07-15,train,gru,0.4577948949410624,24,24
2024-07-22,train,gru,0.2806692506197751,24,24
2024-07-29,train,gru,0.28405064535992486,25,25
2024-08-05,train,gru,0.23706086476998667,25,25
2024-08-12,train,gru,0.27098095633222585,24,24
2024-08-19,train,gru,0.42883370108902447,25,25
2024-08-26,train,gru,0.2779752280053106,24,24
2024-09-02,train,gru,0.4063532550020941,24,24
2024-09-09,train,gru,0.29237470824433404,23,23
2024-09-16,train,gru,0.3557225522505385,25,25
2024-09-23,train,gru,0.33575584191296776,25,25
2024-09-30,train,gru,0.4266450361659129,24,24
2024-10-07,train,gru,0.4025573138679776,25,25
2024-10-14,train,gru,0.33233987734786097,25,25
2024-10-21,train,gru,0.33729656978089007,24,24
2024-10-28,train,gru,0.2763279327537332,25,25
2024-11-04,train,gru,0.32005781991141175,25,25
2024-11-11,train,gru,0.2604354841723328,24,24
2024-11-18,train,gru,1.003454832592979,24,24
2024-11-25,train,gru,0.504218814213361,25,25
2024-12-02,train,gru,0.2973466242131378,24,24
2024-12-09,train,gru,0.2830825790740727,24,24
2024-12-16,train,gru,0.46071989624761045,24,24
2024-12-23,train,gru,0.6181963839062622,25,25
2025-01-06,train,gru,0.5986645241304264,22,22
2025-01-13,train,gru,0.41982699948407354,24,24
2025-01-20,train,gru,0.2784323036848079,21,21
2025-01-27,train,gru,0.3471650808410985,25,25
2025-02-03,train,gru,0.3090634621191947,24,24
2025-02-10,train,gru,0.27766830483717575,25,25
2025-02-17,train,gru,0.28767544093617,23,23
2025-02-24,train,gru,0.2518939665585224,24,24
2025-03-03,train,gru,0.3152364826583791,24,24
2025-03-10,train,gru,0.23360308104327743,25,25
2025-03-17,train,gru,0.221034451221515,24,24
2025-03-24,train,gru,0.23839985035980737,24,24
2025-03-31,train,gru,0.22765426234608246,24,24
2025-04-07,train,gru,0.2673530811333053,24,24
2025-04-14,train,gru,0.25856076184261056,24,24
2025-04-21,train,gru,0.20878745864220655,23,23
2025-04-28,train,gru,0.25383161283319905,24,24
2025-05-05,train,gru,0.27124256683478815,23,23
2025-05-12,train,gru,0.2451435339947541,24,24
2025-05-19,train,gru,0.2837921062794824,24,24
2025-05-26,train,gru,0.2597476213212524,25,25
2025-06-02,train,gru,0.3118794114302311,25,25
2025-06-09,train,gru,0.3130946606065013,24,24
2025-06-16,train,gru,0.29330064949490836,24,24
2025-06-23,train,gru,0.2187470536945121,24,24
2025-06-30,train,gru,0.3093484434883417,23,23
2025-07-07,train,gru,0.4505560632688658,25,25
2025-07-14,train,gru,0.2604337241037847,23,23
2025-07-21,train,gru,0.4091679516554989,23,23
2025-07-28,train,gru,0.2957411230605396,23,23
2025-08-04,train,gru,0.3906696661881038,25,25
2025-08-11,train,gru,0.32974752600703916,25,25
2025-08-18,train,gru,0.24634382105299402,25,25
2025-08-25,train,gru,0.4495948144261326,25,25
2025-09-01,train,gru,0.32718762341842406,24,24
2025-09-08,train,gru,0.49567769329462735,25,25
2025-09-15,train,gru,0.2955238362330766,24,24
2025-09-22,train,gru,0.38361515453883577,25,25
2025-09-29,train,gru,0.20658175781369206,25,25
2025-10-06,train,gru,0.2970094357218061,25,25
2025-10-13,train,gru,0.26811831085277454,24,24
2025-10-20,train,gru,0.2644546228416618,24,24
2025-10-27,train,gru,0.2547674658681665,25,25
2025-11-03,train,gru,0.22634390951267305,25,25
2025-11-10,train,gru,0.28871388967326356,24,24
2025-11-17,train,gru,0.2335500075029475,25,25
2025-11-24,train,gru,0.3352786425394671,25,25
2025-12-01,train,gru,0.4759550508005278,25,25
2025-12-08,train,gru,0.27698013336530747,25,25
2025-12-15,train,gru,0.3739781450480223,25,25
2025-12-22,train,gru,0.2867535072644906,24,24
2025-12-29,train,gru,0.5464109944490095,24,24
2026-01-05,train,gru,0.5625779780851943,25,25
2026-01-12,train,gru,0.36769475400447843,25,25
2026-01-19,train,gru,0.3482876326888799,25,25
2026-01-26,train,gru,0.3106281784496137,25,25
2026-02-02,train,gru,0.2173701816424727,25,25
2026-02-09,train,gru,0.23823705468223322,24,24
2026-02-16,train,gru,0.4447924978658557,25,25
2026-02-23,train,gru,0.2643169906476269,23,23
2026-03-02,train,gru,0.2944756840243935,25,25
2026-03-09,train,gru,0.3726770290231798,24,24
2026-03-16,train,gru,0.28519290781960904,22,22
2026-03-23,train,gru,0.24998317941672338,23,23
2026-03-30,train,gru,0.3080934058931289,22,22
2026-04-06,train,gru,0.2063263622719956,23,23
2026-04-13,train,gru,0.27680349740051274,23,23
2026-04-20,train,gru,0.2871400928497314,25,25
2026-04-27,train,gru,0.26143145964791376,24,24
2026-05-04,train,gru,0.36104616522789,1,1
2022-01-03,train,lgbm,0.5855236391093076,19,19
2022-01-10,train,lgbm,0.30588622094004725,19,19
2022-01-17,train,lgbm,0.2716780913360239,16,16
2022-01-24,train,lgbm,0.31585064423497045,15,15
2022-01-31,train,lgbm,0.29182474809106923,19,19
2022-02-07,train,lgbm,0.18102702729755735,20,20
2022-02-14,train,lgbm,0.2760179431218722,20,20
2022-02-21,train,lgbm,0.27070094145170187,22,22
2022-02-28,train,lgbm,0.39144300813980837,24,24
2022-03-07,train,lgbm,0.1840456953003251,21,21
2022-03-14,train,lgbm,0.16927737549198243,23,23
2022-03-21,train,lgbm,0.17118302070314131,22,22
2022-03-28,train,lgbm,0.21781963259351922,23,23
2022-04-04,train,lgbm,0.18905710646334148,23,23
2022-04-11,train,lgbm,0.2490408613768792,23,23
2022-04-18,train,lgbm,0.18267176827202775,23,23
2022-04-25,train,lgbm,0.19515495490231674,22,22
2022-05-02,train,lgbm,0.16313430132629891,23,23
2022-05-09,train,lgbm,0.16780193778073396,20,20
2022-05-16,train,lgbm,0.1808680311504467,21,21
2022-05-23,train,lgbm,0.2515646658640038,21,21
2022-05-30,train,lgbm,0.19405834254620863,20,20
2022-06-06,train,lgbm,0.27377072374156397,23,23
2022-06-13,train,lgbm,0.20408101547712668,23,23
2022-06-20,train,lgbm,0.16451541331962483,25,25
2022-06-27,train,lgbm,0.14129132072568715,24,24
2022-07-04,train,lgbm,0.2351894672829887,21,21
2022-07-11,train,lgbm,0.21363159908008206,25,25
2022-07-18,train,lgbm,0.19449460913305192,22,22
2022-07-25,train,lgbm,0.194349335899912,25,25
2022-08-01,train,lgbm,0.8066272646660362,25,25
2022-08-08,train,lgbm,0.21085074745591814,25,25
2022-08-15,train,lgbm,0.2971278609511831,25,25
2022-08-22,train,lgbm,0.1499886667476039,25,25
2022-08-29,train,lgbm,0.23904296803269262,25,25
2022-09-05,train,lgbm,0.1833330306541161,24,24
2022-09-12,train,lgbm,0.19013350228673587,24,24
2022-09-19,train,lgbm,0.25737452100742547,24,24
2022-09-26,train,lgbm,0.19751815055951405,25,25
2022-10-03,train,lgbm,0.23595178793993746,25,25
2022-10-10,train,lgbm,0.17236962215165616,25,25
2022-10-17,train,lgbm,0.189682255611771,25,25
2022-10-24,train,lgbm,0.1610660193943591,24,24
2022-10-31,train,lgbm,0.19042926932602036,25,25
2022-11-07,train,lgbm,0.22795427860781403,25,25
2022-11-14,train,lgbm,0.29645100879302677,25,25
2022-11-21,train,lgbm,0.3629651918653815,25,25
2022-11-28,train,lgbm,0.188080089601191,25,25
2022-12-05,train,lgbm,0.14513956217320736,25,25
2022-12-12,train,lgbm,0.19598967870831863,23,23
2022-12-19,train,lgbm,0.21576668994782547,22,22
2022-12-26,train,lgbm,0.29620228972649815,17,17
2023-01-02,train,lgbm,0.2601964061835832,23,23
2023-01-09,train,lgbm,0.21142429412004615,24,24
2023-01-16,train,lgbm,0.15711317956862647,24,24
2023-01-23,train,lgbm,0.19876603144607638,25,25
2023-01-30,train,lgbm,0.15401923112829669,24,24
2023-02-06,train,lgbm,0.13639609460350774,24,24
2023-02-13,train,lgbm,0.1350098691660296,24,24
2023-02-20,train,lgbm,0.20420207205347546,25,25
2023-02-27,train,lgbm,0.23376961347244202,25,25
2023-03-06,train,lgbm,0.24055418797813075,25,25
2023-03-13,train,lgbm,0.2665352043638129,25,25
2023-03-20,train,lgbm,0.12893652932109734,24,24
2023-03-27,train,lgbm,0.18458061590820027,25,25
2023-04-03,train,lgbm,0.182244024228705,25,25
2023-04-10,train,lgbm,0.2246089793445028,25,25
2023-04-17,train,lgbm,0.18624814222252606,25,25
2023-04-24,train,lgbm,0.12004375573754458,25,25
2023-05-01,train,lgbm,0.13651074052990544,24,24
2023-05-08,train,lgbm,0.1817063529374724,24,24
2023-05-15,train,lgbm,0.15823902363104492,25,25
2023-05-22,train,lgbm,0.18699782134525558,25,25
2023-05-29,train,lgbm,0.271115775839832,25,25
2023-06-05,train,lgbm,0.18076343635695433,25,25
2023-06-12,train,lgbm,0.3302497030564651,24,24
2023-06-19,train,lgbm,0.22676786021799591,24,24
2023-06-26,train,lgbm,0.2136156494317737,22,22
2023-07-03,train,lgbm,0.24641963251181534,25,25
2023-07-10,train,lgbm,0.22371061808333847,25,25
2023-07-17,train,lgbm,0.18696883087879163,25,25
2023-07-24,train,lgbm,0.27289701856777276,25,25
2023-07-31,train,lgbm,0.2321900814533373,24,24
2023-08-07,train,lgbm,0.25897895220682704,24,24
2023-08-14,train,lgbm,0.1939926844100762,23,23
2023-08-21,train,lgbm,0.1589163405313566,25,25
2023-08-28,train,lgbm,0.19622827998601275,25,25
2023-09-04,train,lgbm,0.20048409997928351,24,24
2023-09-11,train,lgbm,0.1595925359351484,23,23
2023-09-18,train,lgbm,0.21688708560503653,25,25
2023-09-25,train,lgbm,0.21283414299128553,24,24
2023-10-02,train,lgbm,0.18159995419061306,25,25
2023-10-09,train,lgbm,0.1962053412788957,25,25
2023-10-16,train,lgbm,0.26096974925630567,24,24
2023-10-23,train,lgbm,0.1704084368909755,24,24
2023-10-30,train,lgbm,0.21063301989329503,25,25
2023-11-06,train,lgbm,0.16046151441442313,23,23
2023-11-13,train,lgbm,0.16444957313187625,25,25
2023-11-20,train,lgbm,0.5924629365015349,24,24
2023-11-27,train,lgbm,0.23348226412016682,25,25
2023-12-04,train,lgbm,0.7770592996724827,24,24
2023-12-11,train,lgbm,0.527744487493495,23,23
2023-12-18,train,lgbm,0.20195640363411557,22,22
2023-12-25,train,lgbm,0.5148442055837096,15,15
2024-01-01,train,lgbm,0.2727090521439589,21,21
2024-01-08,train,lgbm,0.32386505933580256,23,23
2024-01-15,train,lgbm,0.27286902843824995,24,24
2024-01-22,train,lgbm,0.23692040937632416,24,24
2024-01-29,train,lgbm,0.6159228948039749,25,25
2024-02-05,train,lgbm,0.16220380667056386,25,25
2024-02-12,train,lgbm,0.17969197682185922,23,23
2024-02-19,train,lgbm,0.17443202910489025,25,25
2024-02-26,train,lgbm,0.16210644784874872,22,22
2024-03-04,train,lgbm,0.20071224948667768,25,25
2024-03-11,train,lgbm,0.2731130288158752,24,24
2024-03-18,train,lgbm,0.19888290490849325,25,25
2024-03-25,train,lgbm,0.1778195743744579,25,25
2024-04-01,train,lgbm,0.2801325380008886,24,24
2024-04-08,train,lgbm,0.22272799257401651,25,25
2024-04-15,train,lgbm,0.13521677933231904,25,25
2024-04-22,train,lgbm,0.21174467755406226,24,24
2024-04-29,train,lgbm,0.27554872614289677,25,25
2024-05-06,train,lgbm,0.1298645076356849,25,25
2024-05-13,train,lgbm,0.1940533823817343,24,24
2024-05-20,train,lgbm,0.21086880101864303,24,24
2024-05-27,train,lgbm,0.2166085871325871,24,24
2024-06-03,train,lgbm,0.19177853192215494,25,25
2024-06-10,train,lgbm,0.22337821855307796,24,24
2024-06-17,train,lgbm,0.34689074297759936,24,24
2024-06-24,train,lgbm,0.22601604550644294,25,25
2024-07-01,train,lgbm,0.39359066350874783,24,24
2024-07-08,train,lgbm,0.15821118454650596,24,24
2024-07-15,train,lgbm,0.2931915161136472,24,24
2024-07-22,train,lgbm,0.19476545950945,24,24
2024-07-29,train,lgbm,0.17831040156379133,25,25
2024-08-05,train,lgbm,0.12329730145493403,25,25
2024-08-12,train,lgbm,0.15459720985999156,24,24
2024-08-19,train,lgbm,0.29627799607424565,25,25
2024-08-26,train,lgbm,0.1447872583535178,24,24
2024-09-02,train,lgbm,0.18899977959706252,24,24
2024-09-09,train,lgbm,0.16249689395050704,23,23
2024-09-16,train,lgbm,0.26254623599005644,25,25
2024-09-23,train,lgbm,0.19758621037312313,25,25
2024-09-30,train,lgbm,0.23746896495369554,24,24
2024-10-07,train,lgbm,0.28235885327864557,25,25
2024-10-14,train,lgbm,0.1997809100828308,25,25
2024-10-21,train,lgbm,0.21193744437848236,24,24
2024-10-28,train,lgbm,0.16779126274448936,25,25
2024-11-04,train,lgbm,0.2045523752022811,25,25
2024-11-11,train,lgbm,0.16159737279546846,24,24
2024-11-18,train,lgbm,0.6751607902261306,24,24
2024-11-25,train,lgbm,0.3220131382513145,25,25
2024-12-02,train,lgbm,0.20165610713161752,24,24
2024-12-09,train,lgbm,0.1381515748396533,24,24
2024-12-16,train,lgbm,0.29842693804969006,24,24
2024-12-23,train,lgbm,0.37543685449964215,25,25
2025-01-06,train,lgbm,0.3294578861365172,22,22
2025-01-13,train,lgbm,0.2740345418869506,24,24
2025-01-20,train,lgbm,0.18998287974731193,21,21
2025-01-27,train,lgbm,0.27843168988303546,25,25
2025-02-03,train,lgbm,0.17054191676357902,24,24
2025-02-10,train,lgbm,0.17681313249803793,25,25
2025-02-17,train,lgbm,0.16116983940016527,23,23
2025-02-24,train,lgbm,0.16026027882330354,24,24
2025-03-03,train,lgbm,0.18637157667702076,24,24
2025-03-10,train,lgbm,0.11331919924102499,25,25
2025-03-17,train,lgbm,0.15827462981025978,24,24
2025-03-24,train,lgbm,0.158034655589151,24,24
2025-03-31,train,lgbm,0.13496922024115274,24,24
2025-04-07,train,lgbm,0.152281813372608,24,24
2025-04-14,train,lgbm,0.2201999052065076,24,24
2025-04-21,train,lgbm,0.13774686614811796,23,23
2025-04-28,train,lgbm,0.18099740595137345,24,24
2025-05-05,train,lgbm,0.16292455921905635,23,23
2025-05-12,train,lgbm,0.13165834472824128,24,24
2025-05-19,train,lgbm,0.17840401275052575,24,24
2025-05-26,train,lgbm,0.18337573264716195,25,25
2025-06-02,train,lgbm,0.24423015354825706,25,25
2025-06-09,train,lgbm,0.1993837792406423,24,24
2025-06-16,train,lgbm,0.1818757837541618,24,24
2025-06-23,train,lgbm,0.11748949626659987,24,24
2025-06-30,train,lgbm,0.17861817727056958,23,23
2025-07-07,train,lgbm,0.2667957215456737,25,25
2025-07-14,train,lgbm,0.17540124999892953,23,23
2025-07-21,train,lgbm,0.26484827567476776,23,23
2025-07-28,train,lgbm,0.19752263057863317,23,23
2025-08-04,train,lgbm,0.23631798508689206,25,25
2025-08-11,train,lgbm,0.18540544271909065,25,25
2025-08-18,train,lgbm,0.12126412192931386,25,25
2025-08-25,train,lgbm,0.26408339027869654,25,25
2025-09-01,train,lgbm,0.2028837144151513,24,24
2025-09-08,train,lgbm,0.3600076389552841,25,25
2025-09-15,train,lgbm,0.1630225222211158,24,24
2025-09-22,train,lgbm,0.2707953331824897,25,25
2025-09-29,train,lgbm,0.12169020624042103,25,25
2025-10-06,train,lgbm,0.1584200024890505,25,25
2025-10-13,train,lgbm,0.157175346283453,24,24
2025-10-20,train,lgbm,0.1616524875873543,24,24
2025-10-27,train,lgbm,0.14744819694294975,25,25
2025-11-03,train,lgbm,0.12806026764681086,25,25
2025-11-10,train,lgbm,0.2020146580968444,24,24
2025-11-17,train,lgbm,0.12670884327609147,25,25
2025-11-24,train,lgbm,0.2222521073061878,25,25
2025-12-01,train,lgbm,0.19133761923599607,25,25
2025-12-08,train,lgbm,0.17551063130423075,25,25
2025-12-15,train,lgbm,0.21574308356763156,25,25
2025-12-22,train,lgbm,0.17909671445146583,24,24
2025-12-29,train,lgbm,0.32563754235607933,24,24
2026-01-05,train,lgbm,0.3653485131977996,25,25
2026-01-12,train,lgbm,0.20025171762538072,25,25
2026-01-19,train,lgbm,0.17496606156105096,25,25
2026-01-26,train,lgbm,0.1759120697585175,25,25
2026-02-02,train,lgbm,0.16483689707746074,25,25
2026-02-09,train,lgbm,0.15766646911438695,24,24
2026-02-16,train,lgbm,0.23531155619383662,25,25
2026-02-23,train,lgbm,0.16923570411600514,23,23
2026-03-02,train,lgbm,0.20604862127561627,25,25
2026-03-09,train,lgbm,0.2682532135792372,24,24
2026-03-16,train,lgbm,0.22321627297396363,22,22
2026-03-23,train,lgbm,0.19199906872428213,23,23
2026-03-30,train,lgbm,0.1888831243321104,22,22
2026-04-06,train,lgbm,0.12556219767866,23,23
2026-04-13,train,lgbm,0.237918682783323,23,23
2026-04-20,train,lgbm,0.19470595425295337,25,25
2026-04-27,train,lgbm,0.15059291744983716,24,24
2026-05-04,train,lgbm,0.21861595884738924,24,24
2023-03-27,train,lstm,0.5400725694905434,8,8
2023-04-03,train,lstm,0.2613008050647165,10,10
2023-04-10,train,lstm,0.24706658411893867,13,13
2023-04-17,train,lstm,0.2731609040727982,13,13
2023-04-24,train,lstm,0.19814683885855988,13,13
2023-05-01,train,lstm,0.23365550165009846,17,17
2023-05-08,train,lstm,0.26584967229116174,16,16
2023-05-15,train,lstm,0.24075060627526707,18,18
2023-05-22,train,lstm,0.304174466982932,19,19
2023-05-29,train,lstm,0.5389613878780177,20,20
2023-06-05,train,lstm,0.27871356442013157,21,21
2023-06-12,train,lstm,0.4180999167819882,22,22
2023-06-19,train,lstm,0.3088010872968218,22,22
2023-06-26,train,lstm,0.3041226228787785,21,21
2023-07-03,train,lstm,0.3713023174230171,23,23
2023-07-10,train,lstm,0.2693102260854858,23,23
2023-07-17,train,lstm,0.30595847224772327,24,24
2023-07-24,train,lstm,0.3833271778587784,24,24
2023-07-31,train,lstm,0.30456895693581293,23,23
2023-08-07,train,lstm,0.3428834196735428,23,23
2023-08-14,train,lstm,0.3054522564876583,22,22
2023-08-21,train,lstm,0.26144756565225263,24,24
2023-08-28,train,lstm,0.21909470843439474,24,24
2023-09-04,train,lstm,0.4361219713406533,23,23
2023-09-11,train,lstm,0.231319902537318,22,22
2023-09-18,train,lstm,0.29977179089161965,24,24
2023-09-25,train,lstm,0.28430904606530755,23,23
2023-10-02,train,lstm,0.2991035495042091,24,24
2023-10-09,train,lstm,0.33861750388695366,24,24
2023-10-16,train,lstm,0.35860492136352545,23,23
2023-10-23,train,lstm,0.27359615878335064,24,24
2023-10-30,train,lstm,0.30994695255798954,25,25
2023-11-06,train,lstm,0.27433375224054596,23,23
2023-11-13,train,lstm,0.2968254273491246,25,25
2023-11-20,train,lstm,0.8313551912350313,24,24
2023-11-27,train,lstm,0.34212907914604457,25,25
2023-12-04,train,lstm,1.2347316432943833,24,24
2023-12-11,train,lstm,1.1690342496293857,23,23
2023-12-18,train,lstm,0.2903841103415017,22,22
2023-12-25,train,lstm,0.6628584848805552,15,15
2024-01-01,train,lstm,0.46212199530532566,21,21
2024-01-08,train,lstm,0.48982383549120856,23,23
2024-01-15,train,lstm,0.36693189161208767,24,24
2024-01-22,train,lstm,0.37003631141435883,24,24
2024-01-29,train,lstm,0.9737526383357388,25,25
2024-02-05,train,lstm,0.32085198470524373,25,25
2024-02-12,train,lstm,0.28168378955459,23,23
2024-02-19,train,lstm,0.2753213126531669,25,25
2024-02-26,train,lstm,0.25248111147046476,22,22
2024-03-04,train,lstm,0.304025877309697,25,25
2024-03-11,train,lstm,0.42781608130428045,24,24
2024-03-18,train,lstm,0.3036579094507864,25,25
2024-03-25,train,lstm,0.2583735853965793,25,25
2024-04-01,train,lstm,0.4489887449779503,24,24
2024-04-08,train,lstm,0.35617004718099315,25,25
2024-04-15,train,lstm,0.21922540290015083,25,25
2024-04-22,train,lstm,0.30520823305206635,24,24
2024-04-29,train,lstm,0.412410888331277,25,25
2024-05-06,train,lstm,0.23415507470922808,25,25
2024-05-13,train,lstm,0.3014870240197827,24,24
2024-05-20,train,lstm,0.31526779507597286,24,24
2024-05-27,train,lstm,0.382921610692782,24,24
2024-06-03,train,lstm,0.32147743635943954,25,25
2024-06-10,train,lstm,0.3337349373448108,24,24
2024-06-17,train,lstm,0.6146254004977111,24,24
2024-06-24,train,lstm,0.29500621993626863,25,25
2024-07-01,train,lstm,0.44079780392348766,24,24
2024-07-08,train,lstm,0.2598711547463955,24,24
2024-07-15,train,lstm,0.4582685511004889,24,24
2024-07-22,train,lstm,0.28234937326938264,24,24
2024-07-29,train,lstm,0.2782263071728604,25,25
2024-08-05,train,lstm,0.23182514016117367,25,25
2024-08-12,train,lstm,0.25850264128253214,24,24
2024-08-19,train,lstm,0.42129365120615275,25,25
2024-08-26,train,lstm,0.27867036961418173,24,24
2024-09-02,train,lstm,0.41324920718380737,24,24
2024-09-09,train,lstm,0.2944385109712248,23,23
2024-09-16,train,lstm,0.34105050563812256,25,25
2024-09-23,train,lstm,0.3184569349459239,25,25
2024-09-30,train,lstm,0.40590927311928854,24,24
2024-10-07,train,lstm,0.4094808099631752,25,25
2024-10-14,train,lstm,0.31371317173753466,25,25
2024-10-21,train,lstm,0.33102660734827316,24,24
2024-10-28,train,lstm,0.27392812261623994,25,25
2024-11-04,train,lstm,0.3287783638494355,25,25
2024-11-11,train,lstm,0.2453787230132591,24,24
2024-11-18,train,lstm,1.012921226465897,24,24
2024-11-25,train,lstm,0.5113298869132996,25,25
2024-12-02,train,lstm,0.2849547541145945,24,24
2024-12-09,train,lstm,0.26872936762603267,24,24
2024-12-16,train,lstm,0.43459698677595165,24,24
2024-12-23,train,lstm,0.6195056933803218,25,25
2025-01-06,train,lstm,0.6093698025427081,22,22
2025-01-13,train,lstm,0.42312035324894604,24,24
2025-01-20,train,lstm,0.28022486770994404,21,21
2025-01-27,train,lstm,0.34226387187838553,25,25
2025-02-03,train,lstm,0.29493236056129846,24,24
2025-02-10,train,lstm,0.27727605301354613,25,25
2025-02-17,train,lstm,0.2724365186848625,23,23
2025-02-24,train,lstm,0.2501442600928601,24,24
2025-03-03,train,lstm,0.3378360347511868,24,24
2025-03-10,train,lstm,0.21980229424578798,25,25
2025-03-17,train,lstm,0.21225133837599838,24,24
2025-03-24,train,lstm,0.22801867083069824,24,24
2025-03-31,train,lstm,0.23004168009252415,24,24
2025-04-07,train,lstm,0.2562157522798294,24,24
2025-04-14,train,lstm,0.2633362587186552,24,24
2025-04-21,train,lstm,0.20751421819932708,23,23
2025-04-28,train,lstm,0.2447394490175481,24,24
2025-05-05,train,lstm,0.26189342377163605,23,23
2025-05-12,train,lstm,0.25902769407479176,24,24
2025-05-19,train,lstm,0.2739752912062353,24,24
2025-05-26,train,lstm,0.2604054842676435,25,25
2025-06-02,train,lstm,0.30559263958462646,25,25
2025-06-09,train,lstm,0.3136795964424631,24,24
2025-06-16,train,lstm,0.27676172015656314,24,24
2025-06-23,train,lstm,0.21318733903934203,24,24
2025-06-30,train,lstm,0.2868282900926489,23,23
2025-07-07,train,lstm,0.47257960171571795,25,25
2025-07-14,train,lstm,0.25729872735205644,23,23
2025-07-21,train,lstm,0.4183802195703205,23,23
2025-07-28,train,lstm,0.2875316883350566,23,23
2025-08-04,train,lstm,0.39139417994235237,25,25
2025-08-11,train,lstm,0.3090663135796785,25,25
2025-08-18,train,lstm,0.23314742003168376,25,25
2025-08-25,train,lstm,0.44231874080640926,25,25
2025-09-01,train,lstm,0.31038144418215824,24,24
2025-09-08,train,lstm,0.49750819875725677,25,25
2025-09-15,train,lstm,0.29185023255247083,24,24
2025-09-22,train,lstm,0.37085836301956854,25,25
2025-09-29,train,lstm,0.2121944253253085,25,25
2025-10-06,train,lstm,0.27729076905974315,25,25
2025-10-13,train,lstm,0.2653257944399402,24,24
2025-10-20,train,lstm,0.25483011584063725,24,24
2025-10-27,train,lstm,0.25750491291284555,25,25
2025-11-03,train,lstm,0.23753336293356755,25,25
2025-11-10,train,lstm,0.2710486791606637,24,24
2025-11-17,train,lstm,0.24161448983209471,25,25
2025-11-24,train,lstm,0.3161322735995054,25,25
2025-12-01,train,lstm,0.4709151203930378,25,25
2025-12-08,train,lstm,0.26816402121313976,25,25
2025-12-15,train,lstm,0.3966298702039889,25,25
2025-12-22,train,lstm,0.26225512113333455,24,24
2025-12-29,train,lstm,0.5176756189736936,24,24
2026-01-05,train,lstm,0.5312726692536047,25,25
2026-01-12,train,lstm,0.34168240038411957,25,25
2026-01-19,train,lstm,0.32855208379881723,25,25
2026-01-26,train,lstm,0.2935304126782076,25,25
2026-02-02,train,lstm,0.2147804238008601,25,25
2026-02-09,train,lstm,0.22308757110214272,24,24
2026-02-16,train,lstm,0.4162317136178414,25,25
2026-02-23,train,lstm,0.23868977140797218,23,23
2026-03-02,train,lstm,0.27906185616552825,25,25
2026-03-09,train,lstm,0.35641188450002415,24,24
2026-03-16,train,lstm,0.2597506751137023,22,22
2026-03-23,train,lstm,0.22718562071036166,23,23
2026-03-30,train,lstm,0.2834284849690668,22,22
2026-04-06,train,lstm,0.21056831714467722,23,23
2026-04-13,train,lstm,0.2867782583757155,23,23
2026-04-20,train,lstm,0.30075781803578133,25,25
2026-04-27,train,lstm,0.256048419047147,24,24
2026-05-04,train,lstm,0.3569789230823517,1,1
2022-01-03,train,xgboost,0.8669670888722236,19,19
2022-01-10,train,xgboost,0.6914629276049834,19,19
2022-01-17,train,xgboost,0.5272863187353368,16,16
2022-01-24,train,xgboost,0.5708021664484615,15,15
2022-01-31,train,xgboost,0.48441890938209364,19,19
2022-02-07,train,xgboost,0.3975738267826453,20,20
2022-02-14,train,xgboost,0.5178828400062834,20,20
2022-02-21,train,xgboost,0.5299040845503679,22,22
2022-02-28,train,xgboost,0.8702275526367965,24,24
2022-03-07,train,xgboost,0.4905920469232517,21,21
2022-03-14,train,xgboost,0.5032678792371057,23,23
2022-03-21,train,xgboost,0.4270037271824624,22,22
2022-03-28,train,xgboost,0.44803636746879283,23,23
2022-04-04,train,xgboost,0.393026327574501,23,23
2022-04-11,train,xgboost,0.42297778280160697,23,23
2022-04-18,train,xgboost,0.3268613839528638,23,23
2022-04-25,train,xgboost,0.4794970467089497,22,22
2022-05-02,train,xgboost,0.3309139564203036,23,23
2022-05-09,train,xgboost,0.30587299840962073,20,20
2022-05-16,train,xgboost,0.3427620795419156,21,21
2022-05-23,train,xgboost,0.43405872426657455,21,21
2022-05-30,train,xgboost,0.40634099504233834,20,20
2022-06-06,train,xgboost,0.48099588495549633,23,23
2022-06-13,train,xgboost,0.389051227304816,23,23
2022-06-20,train,xgboost,0.35207567898437636,25,25
2022-06-27,train,xgboost,0.309927299183371,24,24
2022-07-04,train,xgboost,0.4214286879655878,21,21
2022-07-11,train,xgboost,0.38253190615457144,25,25
2022-07-18,train,xgboost,0.3843949659461407,22,22
2022-07-25,train,xgboost,0.3261299394847461,25,25
2022-08-01,train,xgboost,1.5222546683418472,25,25
2022-08-08,train,xgboost,0.41586243787059085,25,25
2022-08-15,train,xgboost,0.48833213277889237,25,25
2022-08-22,train,xgboost,0.32646236331547,25,25
2022-08-29,train,xgboost,0.49755523124198037,25,25
2022-09-05,train,xgboost,0.43781531503899696,24,24
2022-09-12,train,xgboost,0.3562054966403739,24,24
2022-09-19,train,xgboost,0.5182017216064203,24,24
2022-09-26,train,xgboost,0.34031519813461186,25,25
2022-10-03,train,xgboost,0.43489846235833907,25,25
2022-10-10,train,xgboost,0.3735143784592272,25,25
2022-10-17,train,xgboost,0.37139032485326884,25,25
2022-10-24,train,xgboost,0.3286744876960068,24,24
2022-10-31,train,xgboost,0.3517047344298447,25,25
2022-11-07,train,xgboost,0.40278547076620447,25,25
2022-11-14,train,xgboost,0.4939563261688898,25,25
2022-11-21,train,xgboost,0.6068975045887374,25,25
2022-11-28,train,xgboost,0.3714604550800739,25,25
2022-12-05,train,xgboost,0.3086233622505495,25,25
2022-12-12,train,xgboost,0.3457213297823268,23,23
2022-12-19,train,xgboost,0.4284228032297458,22,22
2022-12-26,train,xgboost,0.609530883957886,17,17
2023-01-02,train,xgboost,0.5114377972223045,23,23
2023-01-09,train,xgboost,0.526695416064837,24,24
2023-01-16,train,xgboost,0.3858127860518856,24,24
2023-01-23,train,xgboost,0.4577009294644834,25,25
2023-01-30,train,xgboost,0.351056231390181,24,24
2023-02-06,train,xgboost,0.3004085049452437,24,24
2023-02-13,train,xgboost,0.28949952927572614,24,24
2023-02-20,train,xgboost,0.3503624576948033,25,25
2023-02-27,train,xgboost,0.45160903885611964,25,25
2023-03-06,train,xgboost,0.4796783285821652,25,25
2023-03-13,train,xgboost,0.5760934108759425,25,25
2023-03-20,train,xgboost,0.3042520869637104,24,24
2023-03-27,train,xgboost,0.3908998687238801,25,25
2023-04-03,train,xgboost,0.36960922797742773,25,25
2023-04-10,train,xgboost,0.41418438244436007,25,25
2023-04-17,train,xgboost,0.38173315915463485,25,25
2023-04-24,train,xgboost,0.29677190112278334,25,25
2023-05-01,train,xgboost,0.2902528301920094,24,24
2023-05-08,train,xgboost,0.3724846859665904,24,24
2023-05-15,train,xgboost,0.3496947291456759,25,25
2023-05-22,train,xgboost,0.39444515178969325,25,25
2023-05-29,train,xgboost,0.4843270530822077,25,25
2023-06-05,train,xgboost,0.3154343515291387,25,25
2023-06-12,train,xgboost,0.4886654206287522,24,24
2023-06-19,train,xgboost,0.431353184108056,24,24
2023-06-26,train,xgboost,0.3524809867081577,22,22
2023-07-03,train,xgboost,0.4320040380087397,25,25
2023-07-10,train,xgboost,0.4739791855180389,25,25
2023-07-17,train,xgboost,0.3970125390282588,25,25
2023-07-24,train,xgboost,0.608911217204262,25,25
2023-07-31,train,xgboost,0.4389170211046867,24,24
2023-08-07,train,xgboost,0.5993935243123856,24,24
2023-08-14,train,xgboost,0.4022870174355053,23,23
2023-08-21,train,xgboost,0.33558665986201297,25,25
2023-08-28,train,xgboost,0.34262749060779746,25,25
2023-09-04,train,xgboost,0.4136389661602848,24,24
2023-09-11,train,xgboost,0.37003257224322145,23,23
2023-09-18,train,xgboost,0.44046409461116603,25,25
2023-09-25,train,xgboost,0.4204963773869079,24,24
2023-10-02,train,xgboost,0.3988521256758418,25,25
2023-10-09,train,xgboost,0.3730377957043931,25,25
2023-10-16,train,xgboost,0.46607028088262165,24,24
2023-10-23,train,xgboost,0.31845628680353805,24,24
2023-10-30,train,xgboost,0.39321610677255436,25,25
2023-11-06,train,xgboost,0.3425238767295623,23,23
2023-11-13,train,xgboost,0.34742940286200297,25,25
2023-11-20,train,xgboost,0.7812969650643339,24,24
2023-11-27,train,xgboost,0.43783187592629247,25,25
2023-12-04,train,xgboost,1.3014341623827816,24,24
2023-12-11,train,xgboost,1.049705585575879,23,23
2023-12-18,train,xgboost,0.3657047148854318,22,22
2023-12-25,train,xgboost,0.7652454645564075,15,15
2024-01-01,train,xgboost,0.4928404793706922,21,21
2024-01-08,train,xgboost,0.49116943333796004,23,23
2024-01-15,train,xgboost,0.473946406961224,24,24
2024-01-22,train,xgboost,0.5674522228597527,24,24
2024-01-29,train,xgboost,1.2299559840273426,25,25
2024-02-05,train,xgboost,0.39741128375923984,25,25
2024-02-12,train,xgboost,0.39277505901330717,23,23
2024-02-19,train,xgboost,0.3691633981645138,25,25
2024-02-26,train,xgboost,0.34798629260650266,22,22
2024-03-04,train,xgboost,0.4414022656732011,25,25
2024-03-11,train,xgboost,0.4381039647552081,24,24
2024-03-18,train,xgboost,0.4400687161327033,25,25
2024-03-25,train,xgboost,0.3321936101938321,25,25
2024-04-01,train,xgboost,0.46349376216325494,24,24
2024-04-08,train,xgboost,0.4133970397082251,25,25
2024-04-15,train,xgboost,0.2935900668175778,25,25
2024-04-22,train,xgboost,0.3700404308148674,24,24
2024-04-29,train,xgboost,0.5897425163928834,25,25
2024-05-06,train,xgboost,0.31016263302952535,25,25
2024-05-13,train,xgboost,0.3656365195208571,24,24
2024-05-20,train,xgboost,0.375002204946052,24,24
2024-05-27,train,xgboost,0.4302334323752852,24,24
2024-06-03,train,xgboost,0.35945114219837393,25,25
2024-06-10,train,xgboost,0.41449739179377687,24,24
2024-06-17,train,xgboost,0.5597010765553186,24,24
2024-06-24,train,xgboost,0.40430155856378147,25,25
2024-07-01,train,xgboost,0.6344790528362888,24,24
2024-07-08,train,xgboost,0.30426074181877405,24,24
2024-07-15,train,xgboost,0.5114362852423802,24,24
2024-07-22,train,xgboost,0.40187393114773545,24,24
2024-07-29,train,xgboost,0.3896934771800098,25,25
2024-08-05,train,xgboost,0.31212398018037213,25,25
2024-08-12,train,xgboost,0.351278278138452,24,24
2024-08-19,train,xgboost,0.5192110053656331,25,25
2024-08-26,train,xgboost,0.3268199906983522,24,24
2024-09-02,train,xgboost,0.40736017079230913,24,24
2024-09-09,train,xgboost,0.3330162708819771,23,23
2024-09-16,train,xgboost,0.45261415211113076,25,25
2024-09-23,train,xgboost,0.36945312742900244,25,25
2024-09-30,train,xgboost,0.4136583623507905,24,24
2024-10-07,train,xgboost,0.5256186263774886,25,25
2024-10-14,train,xgboost,0.3907884826938243,25,25
2024-10-21,train,xgboost,0.42679763287760303,24,24
2024-10-28,train,xgboost,0.3294078587454104,25,25
2024-11-04,train,xgboost,0.37978466416272527,25,25
2024-11-11,train,xgboost,0.3460673923648519,24,24
2024-11-18,train,xgboost,1.103618160427602,24,24
2024-11-25,train,xgboost,0.6158447604245313,25,25
2024-12-02,train,xgboost,0.3639116630462576,24,24
2024-12-09,train,xgboost,0.28279070734737743,24,24
2024-12-16,train,xgboost,0.4372909276019865,24,24
2024-12-23,train,xgboost,0.8101829825742436,25,25
2025-01-06,train,xgboost,0.679778962706518,22,22
2025-01-13,train,xgboost,0.4630835484384259,24,24
2025-01-20,train,xgboost,0.3866985717388553,21,21
2025-01-27,train,xgboost,0.4252699049254609,25,25
2025-02-03,train,xgboost,0.3419384942126376,24,24
2025-02-10,train,xgboost,0.34956577820006934,25,25
2025-02-17,train,xgboost,0.3690264375433417,23,23
2025-02-24,train,xgboost,0.31757654091558646,24,24
2025-03-03,train,xgboost,0.3563641361376799,24,24
2025-03-10,train,xgboost,0.27646799169554026,25,25
2025-03-17,train,xgboost,0.3204491431784389,24,24
2025-03-24,train,xgboost,0.3273999326319267,24,24
2025-03-31,train,xgboost,0.29036668958408474,24,24
2025-04-07,train,xgboost,0.3170607960397558,24,24
2025-04-14,train,xgboost,0.36866576616345953,24,24
2025-04-21,train,xgboost,0.286895952326348,23,23
2025-04-28,train,xgboost,0.3667255647376002,24,24
2025-05-05,train,xgboost,0.34627124675962473,23,23
2025-05-12,train,xgboost,0.2764098944699556,24,24
2025-05-19,train,xgboost,0.38147802922521445,24,24
2025-05-26,train,xgboost,0.34467413426870785,25,25
2025-06-02,train,xgboost,0.3978978195731882,25,25
2025-06-09,train,xgboost,0.36210032356397237,24,24
2025-06-16,train,xgboost,0.3393489183392508,24,24
2025-06-23,train,xgboost,0.2623502219823563,24,24
2025-06-30,train,xgboost,0.3339845757228737,23,23
2025-07-07,train,xgboost,0.4594868235004689,25,25
2025-07-14,train,xgboost,0.3634843204347952,23,23
2025-07-21,train,xgboost,0.4407626942488551,23,23
2025-07-28,train,xgboost,0.4000532010997522,23,23
2025-08-04,train,xgboost,0.36362488661979325,25,25
2025-08-11,train,xgboost,0.35925159512336985,25,25
2025-08-18,train,xgboost,0.27923948531570647,25,25
2025-08-25,train,xgboost,0.4396693954901169,25,25
2025-09-01,train,xgboost,0.39653972134234056,24,24
2025-09-08,train,xgboost,0.5372214817935359,25,25
2025-09-15,train,xgboost,0.38014419589852216,24,24
2025-09-22,train,xgboost,0.4339258232751646,25,25
2025-09-29,train,xgboost,0.2803667075930755,25,25
2025-10-06,train,xgboost,0.3510329910109493,25,25
2025-10-13,train,xgboost,0.3468019153875512,24,24
2025-10-20,train,xgboost,0.3082943514151679,24,24
2025-10-27,train,xgboost,0.308476803216718,25,25
2025-11-03,train,xgboost,0.2753775518681622,25,25
2025-11-10,train,xgboost,0.35343772811412794,24,24
2025-11-17,train,xgboost,0.28501218628527514,25,25
2025-11-24,train,xgboost,0.3659262148445318,25,25
2025-12-01,train,xgboost,0.5067340100935862,25,25
2025-12-08,train,xgboost,0.3404431447480129,25,25
2025-12-15,train,xgboost,0.37623904679978565,25,25
2025-12-22,train,xgboost,0.34730296951032846,24,24
2025-12-29,train,xgboost,0.6334162081112114,24,24
2026-01-05,train,xgboost,0.6440388999869691,25,25
2026-01-12,train,xgboost,0.4215658493536681,25,25
2026-01-19,train,xgboost,0.3578281699088904,25,25
2026-01-26,train,xgboost,0.37583145041075744,25,25
2026-02-02,train,xgboost,0.3184291123011649,25,25
2026-02-09,train,xgboost,0.29713034627620294,24,24
2026-02-16,train,xgboost,0.4054296968260946,25,25
2026-02-23,train,xgboost,0.35371152403627903,23,23
2026-03-02,train,xgboost,0.3337217443457962,25,25
2026-03-09,train,xgboost,0.36949421925376735,24,24
2026-03-16,train,xgboost,0.4154840207023074,22,22
2026-03-23,train,xgboost,0.33364945965941045,23,23
2026-03-30,train,xgboost,0.3028899885399768,22,22
2026-04-06,train,xgboost,0.24414875264087885,23,23
2026-04-13,train,xgboost,0.3444005685204955,23,23
2026-04-20,train,xgboost,0.3348056699843323,25,25
2026-04-27,train,xgboost,0.27569701157750404,24,24
2026-05-04,train,xgboost,0.3850804873166425,24,24
